id,persona_id,persona,persona_group,task_id,task,required_authority_classes,required_source_classes,candidate_source_ids,acceptable_evidence,currency_tolerance,likely_failure_modes,definition_of_success,professional_escalation
P01-T01,P01,Barrister,legal-practice,T01,Locate controlling authority,binding-authority,SC01 | SC02 | SC05 | SC09 | SC13 | SC15 | SC16 | SC10,SRC001 | SRC002 | SRC007 | SRC047 | SRC003 | SRC004 | SRC009 | SRC010 | SRC011 | SRC068 | SRC069 | SRC018,Official work/case/rule identity plus selected passage and court/institutional competence.,Live verification at answer time for current advice; historical date fixed for retrospective research. Qualified human review is mandatory before consequential use.,topical but non-controlling source | later appeal or higher authority missed | guidance presented as law,"Controlling authority is identified, hierarchy and jurisdiction are stated, and every material proposition has a pinpoint.",True
P01-T02,P01,Barrister,legal-practice,T02,Determine whether law is in force,binding-authority,SC01 | SC02 | SC05 | SC09 | SC13 | SC15 | SC16 | SC04,SRC001 | SRC002 | SRC007 | SRC047 | SRC003 | SRC004 | SRC009 | SRC010 | SRC011 | SRC068 | SRC069 | SRC018,"Versioned legislation, commencement/effect records, extent and amendments with live official verification.",Zero tolerance for stale current-law answers. Qualified human review is mandatory before consequential use.,latest text confused with in-force text | unapplied effect ignored | commencement or savings omitted,"Answer states the relevant version, commencement, extent, amendments, savings and uncertainty.",True
P01-T03,P01,Barrister,legal-practice,T03,Point-in-time and historical research,binding-authority | history,SC01 | SC02 | SC05 | SC09 | SC13 | SC15 | SC16 | SC04 | SC35,SRC001 | SRC002 | SRC007 | SRC047 | SRC003 | SRC004 | SRC009 | SRC010 | SRC011 | SRC068 | SRC069 | SRC018,"Dated expressions, amendment chronology, archived official material and source hashes.",Exact historical cut-off; later material segregated. Qualified human review is mandatory before consequential use.,anachronism | current consolidation substituted for historical text | archive date mistaken for legal date,A reproducible dated state and change chronology are supplied.,True
P01-T04,P01,Barrister,legal-practice,T04,Territorial extent and jurisdiction,binding-authority | legal-service-information,SC01 | SC02 | SC05 | SC09 | SC13 | SC15 | SC16 | SC14 | SC30,SRC001 | SRC002 | SRC007 | SRC047 | SRC003 | SRC004 | SRC009 | SRC010 | SRC011 | SRC068 | SRC069 | SRC018,"Extent metadata, devolution/competence provisions, court or regulator jurisdiction sources.",Live for current competence; exact for historical jurisdiction. Qualified human review is mandatory before consequential use.,UK-wide assumption | extent confused with application | court/body identity conflated,"Territory, legal system, institutional competence and exceptions are explicit.",True
P01-T05,P01,Barrister,legal-practice,T05,"Trace amendments, commencement and repeal",binding-authority,SC01 | SC02 | SC05 | SC09 | SC13 | SC15 | SC16,SRC001 | SRC002 | SRC007 | SRC047 | SRC003 | SRC004 | SRC009 | SRC010 | SRC011 | SRC068 | SRC069 | SRC018,"Official effect feeds, amending instruments/provisions, commencement orders and selected passages.",Live verification at answer time. Qualified human review is mandatory before consequential use.,absence of recorded effect treated as no effect | prospective effect treated as operative | repeal savings omitted,Bidirectional change graph and current application status are evidenced.,True
P01-T06,P01,Barrister,legal-practice,T06,Identify judicial interpretation and treatment,binding-authority | persuasive-authority,SC01 | SC02 | SC05 | SC09 | SC13 | SC15 | SC16 | SC10,SRC001 | SRC002 | SRC007 | SRC047 | SRC003 | SRC004 | SRC009 | SRC010 | SRC011 | SRC068 | SRC069 | SRC018,"Official judgments, cited passage, court hierarchy, later treatment and appeal status.",Live citator/treatment check before reliance. Qualified human review is mandatory before consequential use.,citation occurrence treated as approval | headnote substituted for judgment | later reversal missed,Treatment verbs are passage-evidenced and hierarchy/date qualified.,True
P01-T09,P01,Barrister,legal-practice,T09,Apply rules to facts,binding-authority | persuasive-authority,SC01 | SC02 | SC05 | SC09 | SC13 | SC15 | SC16,SRC001 | SRC002 | SRC007 | SRC047 | SRC003 | SRC004 | SRC009 | SRC010 | SRC011 | SRC068 | SRC069 | SRC018,"Controlling text/cases, issue-element mapping, stated factual assumptions and uncertainty.",Live for current advice; professional review required. Qualified human review is mandatory before consequential use.,facts invented | legal conclusion overconfident | discretion treated as rule,"Elements, exceptions, burdens and missing facts are mapped, with escalation.",True
P01-T10,P01,Barrister,legal-practice,T10,"Find procedural steps, deadlines, forms and fees",procedural-material | binding-authority | legal-service-information,SC01 | SC02 | SC05 | SC09 | SC13 | SC15 | SC16 | SC17,SRC001 | SRC002 | SRC007 | SRC047 | SRC003 | SRC004 | SRC009 | SRC010 | SRC011 | SRC068 | SRC069 | SRC018,Current rule/order/practice direction plus live form/fee/service verification.,Same-day/live verification before action. Qualified human review is mandatory before consequential use.,outdated form/fee | wrong forum | guidance deadline not checked against rule,Actionable steps cite the operative procedural passage and current service artefacts.,True
P01-T11,P01,Barrister,legal-practice,T11,"Prepare litigation, advice, policy, compliance or enforcement work",binding-authority | persuasive-authority | official-guidance,SC01 | SC02 | SC05 | SC09 | SC13 | SC15 | SC16 | SC20,SRC001 | SRC002 | SRC007 | SRC047 | SRC003 | SRC004 | SRC009 | SRC010 | SRC011 | SRC068 | SRC069 | SRC018,"Authority-ranked source set, selected passages, adverse material, currency and assumptions.",Live before issue/decision. Qualified human review is mandatory before consequential use.,confirmation bias | material adverse source omitted | official guidance elevated above law,"Deliverable is reproducible, balanced and professionally reviewable.",True
P01-T17,P01,Barrister,legal-practice,T17,Audit an AI-generated legal answer,binding-authority | persuasive-authority | procedural-material,SC01 | SC02 | SC05 | SC09 | SC13 | SC15 | SC16,SRC001 | SRC002 | SRC007 | SRC047 | SRC003 | SRC004 | SRC009 | SRC010 | SRC011 | SRC068 | SRC069 | SRC018,"Proposition-to-citation ledger, source hashes, version context and coverage declaration.",Re-verify all material current-law propositions. Qualified human review is mandatory before consequential use.,invented citation | citation does not support proposition | hidden retrieval gap,"Every material proposition is supported, classified and risk-rated; hard failures cap the answer.",True
P01-T19,P01,Barrister,legal-practice,T19,Identify remedies and enforcement outcomes,binding-authority | procedural-material | delegated-administrative-rules | persuasive-authority,SC01 | SC02 | SC05 | SC09 | SC13 | SC15 | SC16 | SC17 | SC21 | SC23,SRC001 | SRC002 | SRC007 | SRC047 | SRC003 | SRC004 | SRC009 | SRC010 | SRC011 | SRC068 | SRC069 | SRC018,"Operative remedy provisions, procedure, official decisions/notices and appeal status.",Live for current remedies and routes. Qualified human review is mandatory before consequential use.,past outcome treated as guaranteed | appeal route missed | regulator summary substituted for notice,"Remedy conditions, forum, deadline, discretion and evidence are explicit.",True
P01-T20,P01,Barrister,legal-practice,T20,Verify citation and identity,binding-authority | history | legal-service-information,SC01 | SC02 | SC05 | SC09 | SC13 | SC15 | SC16 | SC12 | SC14 | SC30,SRC001 | SRC002 | SRC007 | SRC047 | SRC003 | SRC004 | SRC009 | SRC010 | SRC011 | SRC068 | SRC069 | SRC018,"Source-native identifiers, exact/qualified mappings, issuer and temporal identity.",Identity mapping versioned; live where institutions/citations evolve. Qualified human review is mandatory before consequential use.,fuzzy match asserted as sameAs | parallel citations collapsed | wrong version joined,"Identity decision has mapping type, confidence, evidence and unresolved conflicts.",True
P02-T01,P02,Pupil barrister,legal-practice,T01,Locate controlling authority,binding-authority,SC01 | SC09 | SC13 | SC15 | SC10,SRC001 | SRC002 | SRC007 | SRC009 | SRC010 | SRC011 | SRC068 | SRC069 | SRC018 | SRC019 | SRC020 | SRC012,Official work/case/rule identity plus selected passage and court/institutional competence.,Live verification at answer time for current advice; historical date fixed for retrospective research.,topical but non-controlling source | later appeal or higher authority missed | guidance presented as law,"Controlling authority is identified, hierarchy and jurisdiction are stated, and every material proposition has a pinpoint.",False
P02-T02,P02,Pupil barrister,legal-practice,T02,Determine whether law is in force,binding-authority,SC01 | SC09 | SC13 | SC15 | SC04 | SC05,SRC001 | SRC002 | SRC007 | SRC009 | SRC010 | SRC011 | SRC068 | SRC069 | SRC018 | SRC019 | SRC020 | SRC004,"Versioned legislation, commencement/effect records, extent and amendments with live official verification.",Zero tolerance for stale current-law answers.,latest text confused with in-force text | unapplied effect ignored | commencement or savings omitted,"Answer states the relevant version, commencement, extent, amendments, savings and uncertainty.",True
P02-T05,P02,Pupil barrister,legal-practice,T05,"Trace amendments, commencement and repeal",binding-authority,SC01 | SC09 | SC13 | SC15 | SC05,SRC001 | SRC002 | SRC007 | SRC009 | SRC010 | SRC011 | SRC068 | SRC069 | SRC018 | SRC019 | SRC020 | SRC003,"Official effect feeds, amending instruments/provisions, commencement orders and selected passages.",Live verification at answer time.,absence of recorded effect treated as no effect | prospective effect treated as operative | repeal savings omitted,Bidirectional change graph and current application status are evidenced.,False
P02-T06,P02,Pupil barrister,legal-practice,T06,Identify judicial interpretation and treatment,binding-authority | persuasive-authority,SC01 | SC09 | SC13 | SC15 | SC10,SRC001 | SRC002 | SRC007 | SRC009 | SRC010 | SRC011 | SRC068 | SRC069 | SRC018 | SRC019 | SRC020 | SRC012,"Official judgments, cited passage, court hierarchy, later treatment and appeal status.",Live citator/treatment check before reliance.,citation occurrence treated as approval | headnote substituted for judgment | later reversal missed,Treatment verbs are passage-evidenced and hierarchy/date qualified.,False
P02-T07,P02,Pupil barrister,legal-practice,T07,Construct a chronology,binding-authority | history | official-guidance,SC01 | SC09 | SC13 | SC15 | SC24 | SC04,SRC001 | SRC002 | SRC007 | SRC009 | SRC010 | SRC011 | SRC068 | SRC069 | SRC018 | SRC019 | SRC020 | SRC017,"Typed dated events with source identity, event date and publication/retrieval date separated.",Depends on task; current chronologies checked live.,publication date confused with effective date | events silently omitted | time zones/version ambiguity,"A typed, source-backed chronology exposes gaps and conflicting dates.",False
P02-T10,P02,Pupil barrister,legal-practice,T10,"Find procedural steps, deadlines, forms and fees",procedural-material | binding-authority | legal-service-information,SC01 | SC09 | SC13 | SC15 | SC16 | SC17,SRC001 | SRC002 | SRC007 | SRC009 | SRC010 | SRC011 | SRC068 | SRC069 | SRC018 | SRC019 | SRC020 | SRC023,Current rule/order/practice direction plus live form/fee/service verification.,Same-day/live verification before action.,outdated form/fee | wrong forum | guidance deadline not checked against rule,Actionable steps cite the operative procedural passage and current service artefacts.,True
P02-T11,P02,Pupil barrister,legal-practice,T11,"Prepare litigation, advice, policy, compliance or enforcement work",binding-authority | persuasive-authority | official-guidance,SC01 | SC09 | SC13 | SC15 | SC20,SRC001 | SRC002 | SRC007 | SRC009 | SRC010 | SRC011 | SRC068 | SRC069 | SRC018 | SRC019 | SRC020 | SRC031,"Authority-ranked source set, selected passages, adverse material, currency and assumptions.",Live before issue/decision.,confirmation bias | material adverse source omitted | official guidance elevated above law,"Deliverable is reproducible, balanced and professionally reviewable.",True
P02-T17,P02,Pupil barrister,legal-practice,T17,Audit an AI-generated legal answer,binding-authority | persuasive-authority | procedural-material,SC01 | SC09 | SC13 | SC15,SRC001 | SRC002 | SRC007 | SRC009 | SRC010 | SRC011 | SRC068 | SRC069 | SRC018 | SRC019 | SRC020,"Proposition-to-citation ledger, source hashes, version context and coverage declaration.",Re-verify all material current-law propositions.,invented citation | citation does not support proposition | hidden retrieval gap,"Every material proposition is supported, classified and risk-rated; hard failures cap the answer.",True
P02-T20,P02,Pupil barrister,legal-practice,T20,Verify citation and identity,binding-authority | history | legal-service-information,SC01 | SC09 | SC13 | SC15 | SC12 | SC14 | SC30,SRC001 | SRC002 | SRC007 | SRC009 | SRC010 | SRC011 | SRC068 | SRC069 | SRC018 | SRC019 | SRC020 | SRC013,"Source-native identifiers, exact/qualified mappings, issuer and temporal identity.",Identity mapping versioned; live where institutions/citations evolve.,fuzzy match asserted as sameAs | parallel citations collapsed | wrong version joined,"Identity decision has mapping type, confidence, evidence and unresolved conflicts.",False
P03-T07,P03,Barristers’ clerk,legal-practice,T07,Construct a chronology,binding-authority | history | official-guidance,SC14 | SC17 | SC31 | SC24 | SC04,SRC009 | SRC011 | SRC012 | SRC023 | SRC024 | SRC026 | SRC025 | SRC017 | SRC044 | SRC045 | SRC002 | SRC004,"Typed dated events with source identity, event date and publication/retrieval date separated.",Depends on task; current chronologies checked live.,publication date confused with effective date | events silently omitted | time zones/version ambiguity,"A typed, source-backed chronology exposes gaps and conflicting dates.",False
P03-T10,P03,Barristers’ clerk,legal-practice,T10,"Find procedural steps, deadlines, forms and fees",procedural-material | binding-authority | legal-service-information,SC14 | SC17 | SC31 | SC15 | SC16,SRC009 | SRC011 | SRC012 | SRC023 | SRC024 | SRC026 | SRC025 | SRC018 | SRC019 | SRC020,Current rule/order/practice direction plus live form/fee/service verification.,Same-day/live verification before action.,outdated form/fee | wrong forum | guidance deadline not checked against rule,Actionable steps cite the operative procedural passage and current service artefacts.,True
P03-T13,P03,Barristers’ clerk,legal-practice,T13,Monitor legal change,binding-authority | procedural-material | delegated-administrative-rules | official-guidance,SC14 | SC17 | SC31 | SC04 | SC21 | SC24,SRC009 | SRC011 | SRC012 | SRC023 | SRC024 | SRC026 | SRC025 | SRC002 | SRC004 | SRC007 | SRC032 | SRC035,"Official feeds/logs, hashes, version differences and impact classification.",Source-specific service-level objective; critical sources daily or event-driven.,silent source deletion | publication event missed | cosmetic change escalated as legal change,"Change event is detected, typed, evidenced, impact-assessed and reviewable.",False
P03-T18,P03,Barristers’ clerk,legal-practice,T18,Identify institutional competence,binding-authority | legal-service-information,SC14 | SC17 | SC31 | SC30,SRC009 | SRC011 | SRC012 | SRC023 | SRC024 | SRC026 | SRC025 | SRC067 | SRC072,"Founding/empowering provisions, delegation, jurisdiction and temporal organisation identity.",Live for current bodies.,organisation page treated as power source | successor/predecessor confused | delegation missing,"Competence, delegation, review route and date are sourced.",False
P03-T20,P03,Barristers’ clerk,legal-practice,T20,Verify citation and identity,binding-authority | history | legal-service-information,SC14 | SC17 | SC31 | SC12 | SC30,SRC009 | SRC011 | SRC012 | SRC023 | SRC024 | SRC026 | SRC025 | SRC013 | SRC067 | SRC072,"Source-native identifiers, exact/qualified mappings, issuer and temporal identity.",Identity mapping versioned; live where institutions/citations evolve.,fuzzy match asserted as sameAs | parallel citations collapsed | wrong version joined,"Identity decision has mapping type, confidence, evidence and unresolved conflicts.",False
P04-T01,P04,Solicitor,legal-practice,T01,Locate controlling authority,binding-authority,SC01 | SC02 | SC09 | SC15 | SC20 | SC10,SRC001 | SRC002 | SRC007 | SRC047 | SRC009 | SRC010 | SRC011 | SRC018 | SRC019 | SRC020 | SRC031 | SRC033,Official work/case/rule identity plus selected passage and court/institutional competence.,Live verification at answer time for current advice; historical date fixed for retrospective research. Qualified human review is mandatory before consequential use.,topical but non-controlling source | later appeal or higher authority missed | guidance presented as law,"Controlling authority is identified, hierarchy and jurisdiction are stated, and every material proposition has a pinpoint.",True
P04-T02,P04,Solicitor,legal-practice,T02,Determine whether law is in force,binding-authority,SC01 | SC02 | SC09 | SC15 | SC20 | SC04 | SC05,SRC001 | SRC002 | SRC007 | SRC047 | SRC009 | SRC010 | SRC011 | SRC018 | SRC019 | SRC020 | SRC031 | SRC033,"Versioned legislation, commencement/effect records, extent and amendments with live official verification.",Zero tolerance for stale current-law answers. Qualified human review is mandatory before consequential use.,latest text confused with in-force text | unapplied effect ignored | commencement or savings omitted,"Answer states the relevant version, commencement, extent, amendments, savings and uncertainty.",True
P04-T03,P04,Solicitor,legal-practice,T03,Point-in-time and historical research,binding-authority | history,SC01 | SC02 | SC09 | SC15 | SC20 | SC04 | SC35,SRC001 | SRC002 | SRC007 | SRC047 | SRC009 | SRC010 | SRC011 | SRC018 | SRC019 | SRC020 | SRC031 | SRC033,"Dated expressions, amendment chronology, archived official material and source hashes.",Exact historical cut-off; later material segregated. Qualified human review is mandatory before consequential use.,anachronism | current consolidation substituted for historical text | archive date mistaken for legal date,A reproducible dated state and change chronology are supplied.,True
P04-T04,P04,Solicitor,legal-practice,T04,Territorial extent and jurisdiction,binding-authority | legal-service-information,SC01 | SC02 | SC09 | SC15 | SC20 | SC14 | SC30,SRC001 | SRC002 | SRC007 | SRC047 | SRC009 | SRC010 | SRC011 | SRC018 | SRC019 | SRC020 | SRC031 | SRC033,"Extent metadata, devolution/competence provisions, court or regulator jurisdiction sources.",Live for current competence; exact for historical jurisdiction. Qualified human review is mandatory before consequential use.,UK-wide assumption | extent confused with application | court/body identity conflated,"Territory, legal system, institutional competence and exceptions are explicit.",True
P04-T05,P04,Solicitor,legal-practice,T05,"Trace amendments, commencement and repeal",binding-authority,SC01 | SC02 | SC09 | SC15 | SC20 | SC05,SRC001 | SRC002 | SRC007 | SRC047 | SRC009 | SRC010 | SRC011 | SRC018 | SRC019 | SRC020 | SRC031 | SRC033,"Official effect feeds, amending instruments/provisions, commencement orders and selected passages.",Live verification at answer time. Qualified human review is mandatory before consequential use.,absence of recorded effect treated as no effect | prospective effect treated as operative | repeal savings omitted,Bidirectional change graph and current application status are evidenced.,True
P04-T06,P04,Solicitor,legal-practice,T06,Identify judicial interpretation and treatment,binding-authority | persuasive-authority,SC01 | SC02 | SC09 | SC15 | SC20 | SC10 | SC13,SRC001 | SRC002 | SRC007 | SRC047 | SRC009 | SRC010 | SRC011 | SRC018 | SRC019 | SRC020 | SRC031 | SRC033,"Official judgments, cited passage, court hierarchy, later treatment and appeal status.",Live citator/treatment check before reliance. Qualified human review is mandatory before consequential use.,citation occurrence treated as approval | headnote substituted for judgment | later reversal missed,Treatment verbs are passage-evidenced and hierarchy/date qualified.,True
P04-T09,P04,Solicitor,legal-practice,T09,Apply rules to facts,binding-authority | persuasive-authority,SC01 | SC02 | SC09 | SC15 | SC20,SRC001 | SRC002 | SRC007 | SRC047 | SRC009 | SRC010 | SRC011 | SRC018 | SRC019 | SRC020 | SRC031 | SRC033,"Controlling text/cases, issue-element mapping, stated factual assumptions and uncertainty.",Live for current advice; professional review required. Qualified human review is mandatory before consequential use.,facts invented | legal conclusion overconfident | discretion treated as rule,"Elements, exceptions, burdens and missing facts are mapped, with escalation.",True
P04-T10,P04,Solicitor,legal-practice,T10,"Find procedural steps, deadlines, forms and fees",procedural-material | binding-authority | legal-service-information,SC01 | SC02 | SC09 | SC15 | SC20 | SC16 | SC17,SRC001 | SRC002 | SRC007 | SRC047 | SRC009 | SRC010 | SRC011 | SRC018 | SRC019 | SRC020 | SRC031 | SRC033,Current rule/order/practice direction plus live form/fee/service verification.,Same-day/live verification before action. Qualified human review is mandatory before consequential use.,outdated form/fee | wrong forum | guidance deadline not checked against rule,Actionable steps cite the operative procedural passage and current service artefacts.,True
P04-T11,P04,Solicitor,legal-practice,T11,"Prepare litigation, advice, policy, compliance or enforcement work",binding-authority | persuasive-authority | official-guidance,SC01 | SC02 | SC09 | SC15 | SC20,SRC001 | SRC002 | SRC007 | SRC047 | SRC009 | SRC010 | SRC011 | SRC018 | SRC019 | SRC020 | SRC031 | SRC033,"Authority-ranked source set, selected passages, adverse material, currency and assumptions.",Live before issue/decision. Qualified human review is mandatory before consequential use.,confirmation bias | material adverse source omitted | official guidance elevated above law,"Deliverable is reproducible, balanced and professionally reviewable.",True
P04-T13,P04,Solicitor,legal-practice,T13,Monitor legal change,binding-authority | procedural-material | delegated-administrative-rules | official-guidance,SC01 | SC02 | SC09 | SC15 | SC20 | SC04 | SC21 | SC24,SRC001 | SRC002 | SRC007 | SRC047 | SRC009 | SRC010 | SRC011 | SRC018 | SRC019 | SRC020 | SRC031 | SRC033,"Official feeds/logs, hashes, version differences and impact classification.",Source-specific service-level objective; critical sources daily or event-driven. Qualified human review is mandatory before consequential use.,silent source deletion | publication event missed | cosmetic change escalated as legal change,"Change event is detected, typed, evidenced, impact-assessed and reviewable.",True
P04-T17,P04,Solicitor,legal-practice,T17,Audit an AI-generated legal answer,binding-authority | persuasive-authority | procedural-material,SC01 | SC02 | SC09 | SC15 | SC20,SRC001 | SRC002 | SRC007 | SRC047 | SRC009 | SRC010 | SRC011 | SRC018 | SRC019 | SRC020 | SRC031 | SRC033,"Proposition-to-citation ledger, source hashes, version context and coverage declaration.",Re-verify all material current-law propositions. Qualified human review is mandatory before consequential use.,invented citation | citation does not support proposition | hidden retrieval gap,"Every material proposition is supported, classified and risk-rated; hard failures cap the answer.",True
P04-T19,P04,Solicitor,legal-practice,T19,Identify remedies and enforcement outcomes,binding-authority | procedural-material | delegated-administrative-rules | persuasive-authority,SC01 | SC02 | SC09 | SC15 | SC20 | SC17 | SC21 | SC23,SRC001 | SRC002 | SRC007 | SRC047 | SRC009 | SRC010 | SRC011 | SRC018 | SRC019 | SRC020 | SRC031 | SRC033,"Operative remedy provisions, procedure, official decisions/notices and appeal status.",Live for current remedies and routes. Qualified human review is mandatory before consequential use.,past outcome treated as guaranteed | appeal route missed | regulator summary substituted for notice,"Remedy conditions, forum, deadline, discretion and evidence are explicit.",True
P04-T20,P04,Solicitor,legal-practice,T20,Verify citation and identity,binding-authority | history | legal-service-information,SC01 | SC02 | SC09 | SC15 | SC20 | SC12 | SC14 | SC30,SRC001 | SRC002 | SRC007 | SRC047 | SRC009 | SRC010 | SRC011 | SRC018 | SRC019 | SRC020 | SRC031 | SRC033,"Source-native identifiers, exact/qualified mappings, issuer and temporal identity.",Identity mapping versioned; live where institutions/citations evolve. Qualified human review is mandatory before consequential use.,fuzzy match asserted as sameAs | parallel citations collapsed | wrong version joined,"Identity decision has mapping type, confidence, evidence and unresolved conflicts.",True
P05-T01,P05,Trainee solicitor,legal-practice,T01,Locate controlling authority,binding-authority,SC01 | SC09 | SC15 | SC10,SRC001 | SRC002 | SRC007 | SRC009 | SRC010 | SRC011 | SRC018 | SRC019 | SRC020 | SRC012,Official work/case/rule identity plus selected passage and court/institutional competence.,Live verification at answer time for current advice; historical date fixed for retrospective research.,topical but non-controlling source | later appeal or higher authority missed | guidance presented as law,"Controlling authority is identified, hierarchy and jurisdiction are stated, and every material proposition has a pinpoint.",False
P05-T02,P05,Trainee solicitor,legal-practice,T02,Determine whether law is in force,binding-authority,SC01 | SC09 | SC15 | SC04 | SC05,SRC001 | SRC002 | SRC007 | SRC009 | SRC010 | SRC011 | SRC018 | SRC019 | SRC020 | SRC004 | SRC003,"Versioned legislation, commencement/effect records, extent and amendments with live official verification.",Zero tolerance for stale current-law answers.,latest text confused with in-force text | unapplied effect ignored | commencement or savings omitted,"Answer states the relevant version, commencement, extent, amendments, savings and uncertainty.",True
P05-T05,P05,Trainee solicitor,legal-practice,T05,"Trace amendments, commencement and repeal",binding-authority,SC01 | SC09 | SC15 | SC05,SRC001 | SRC002 | SRC007 | SRC009 | SRC010 | SRC011 | SRC018 | SRC019 | SRC020 | SRC003 | SRC004,"Official effect feeds, amending instruments/provisions, commencement orders and selected passages.",Live verification at answer time.,absence of recorded effect treated as no effect | prospective effect treated as operative | repeal savings omitted,Bidirectional change graph and current application status are evidenced.,False
P05-T06,P05,Trainee solicitor,legal-practice,T06,Identify judicial interpretation and treatment,binding-authority | persuasive-authority,SC01 | SC09 | SC15 | SC10 | SC13,SRC001 | SRC002 | SRC007 | SRC009 | SRC010 | SRC011 | SRC018 | SRC019 | SRC020 | SRC012 | SRC068 | SRC069,"Official judgments, cited passage, court hierarchy, later treatment and appeal status.",Live citator/treatment check before reliance.,citation occurrence treated as approval | headnote substituted for judgment | later reversal missed,Treatment verbs are passage-evidenced and hierarchy/date qualified.,False
P05-T07,P05,Trainee solicitor,legal-practice,T07,Construct a chronology,binding-authority | history | official-guidance,SC01 | SC09 | SC15 | SC24 | SC04,SRC001 | SRC002 | SRC007 | SRC009 | SRC010 | SRC011 | SRC018 | SRC019 | SRC020 | SRC017 | SRC044 | SRC045,"Typed dated events with source identity, event date and publication/retrieval date separated.",Depends on task; current chronologies checked live.,publication date confused with effective date | events silently omitted | time zones/version ambiguity,"A typed, source-backed chronology exposes gaps and conflicting dates.",False
P05-T10,P05,Trainee solicitor,legal-practice,T10,"Find procedural steps, deadlines, forms and fees",procedural-material | binding-authority | legal-service-information,SC01 | SC09 | SC15 | SC16 | SC17,SRC001 | SRC002 | SRC007 | SRC009 | SRC010 | SRC011 | SRC018 | SRC019 | SRC020 | SRC023 | SRC024 | SRC026,Current rule/order/practice direction plus live form/fee/service verification.,Same-day/live verification before action.,outdated form/fee | wrong forum | guidance deadline not checked against rule,Actionable steps cite the operative procedural passage and current service artefacts.,True
P05-T11,P05,Trainee solicitor,legal-practice,T11,"Prepare litigation, advice, policy, compliance or enforcement work",binding-authority | persuasive-authority | official-guidance,SC01 | SC09 | SC15 | SC20,SRC001 | SRC002 | SRC007 | SRC009 | SRC010 | SRC011 | SRC018 | SRC019 | SRC020 | SRC031 | SRC033 | SRC034,"Authority-ranked source set, selected passages, adverse material, currency and assumptions.",Live before issue/decision.,confirmation bias | material adverse source omitted | official guidance elevated above law,"Deliverable is reproducible, balanced and professionally reviewable.",True
P05-T17,P05,Trainee solicitor,legal-practice,T17,Audit an AI-generated legal answer,binding-authority | persuasive-authority | procedural-material,SC01 | SC09 | SC15,SRC001 | SRC002 | SRC007 | SRC009 | SRC010 | SRC011 | SRC018 | SRC019 | SRC020,"Proposition-to-citation ledger, source hashes, version context and coverage declaration.",Re-verify all material current-law propositions.,invented citation | citation does not support proposition | hidden retrieval gap,"Every material proposition is supported, classified and risk-rated; hard failures cap the answer.",True
P05-T20,P05,Trainee solicitor,legal-practice,T20,Verify citation and identity,binding-authority | history | legal-service-information,SC01 | SC09 | SC15 | SC12 | SC14 | SC30,SRC001 | SRC002 | SRC007 | SRC009 | SRC010 | SRC011 | SRC018 | SRC019 | SRC020 | SRC013 | SRC012 | SRC067,"Source-native identifiers, exact/qualified mappings, issuer and temporal identity.",Identity mapping versioned; live where institutions/citations evolve.,fuzzy match asserted as sameAs | parallel citations collapsed | wrong version joined,"Identity decision has mapping type, confidence, evidence and unresolved conflicts.",False
P06-T01,P06,Paralegal,legal-practice,T01,Locate controlling authority,binding-authority,SC01 | SC09 | SC17 | SC10,SRC001 | SRC002 | SRC007 | SRC009 | SRC010 | SRC011 | SRC023 | SRC024 | SRC026 | SRC012,Official work/case/rule identity plus selected passage and court/institutional competence.,Live verification at answer time for current advice; historical date fixed for retrospective research.,topical but non-controlling source | later appeal or higher authority missed | guidance presented as law,"Controlling authority is identified, hierarchy and jurisdiction are stated, and every material proposition has a pinpoint.",False
P06-T02,P06,Paralegal,legal-practice,T02,Determine whether law is in force,binding-authority,SC01 | SC09 | SC17 | SC04 | SC05,SRC001 | SRC002 | SRC007 | SRC009 | SRC010 | SRC011 | SRC023 | SRC024 | SRC026 | SRC004 | SRC003,"Versioned legislation, commencement/effect records, extent and amendments with live official verification.",Zero tolerance for stale current-law answers.,latest text confused with in-force text | unapplied effect ignored | commencement or savings omitted,"Answer states the relevant version, commencement, extent, amendments, savings and uncertainty.",True
P06-T07,P06,Paralegal,legal-practice,T07,Construct a chronology,binding-authority | history | official-guidance,SC01 | SC09 | SC17 | SC24 | SC04,SRC001 | SRC002 | SRC007 | SRC009 | SRC010 | SRC011 | SRC023 | SRC024 | SRC026 | SRC017 | SRC044 | SRC045,"Typed dated events with source identity, event date and publication/retrieval date separated.",Depends on task; current chronologies checked live.,publication date confused with effective date | events silently omitted | time zones/version ambiguity,"A typed, source-backed chronology exposes gaps and conflicting dates.",False
P06-T10,P06,Paralegal,legal-practice,T10,"Find procedural steps, deadlines, forms and fees",procedural-material | binding-authority | legal-service-information,SC01 | SC09 | SC17 | SC15 | SC16,SRC001 | SRC002 | SRC007 | SRC009 | SRC010 | SRC011 | SRC023 | SRC024 | SRC026 | SRC018 | SRC019 | SRC020,Current rule/order/practice direction plus live form/fee/service verification.,Same-day/live verification before action.,outdated form/fee | wrong forum | guidance deadline not checked against rule,Actionable steps cite the operative procedural passage and current service artefacts.,True
P06-T11,P06,Paralegal,legal-practice,T11,"Prepare litigation, advice, policy, compliance or enforcement work",binding-authority | persuasive-authority | official-guidance,SC01 | SC09 | SC17 | SC20,SRC001 | SRC002 | SRC007 | SRC009 | SRC010 | SRC011 | SRC023 | SRC024 | SRC026 | SRC031 | SRC033 | SRC034,"Authority-ranked source set, selected passages, adverse material, currency and assumptions.",Live before issue/decision.,confirmation bias | material adverse source omitted | official guidance elevated above law,"Deliverable is reproducible, balanced and professionally reviewable.",True
P06-T13,P06,Paralegal,legal-practice,T13,Monitor legal change,binding-authority | procedural-material | delegated-administrative-rules | official-guidance,SC01 | SC09 | SC17 | SC04 | SC21 | SC24,SRC001 | SRC002 | SRC007 | SRC009 | SRC010 | SRC011 | SRC023 | SRC024 | SRC026 | SRC004 | SRC032 | SRC035,"Official feeds/logs, hashes, version differences and impact classification.",Source-specific service-level objective; critical sources daily or event-driven.,silent source deletion | publication event missed | cosmetic change escalated as legal change,"Change event is detected, typed, evidenced, impact-assessed and reviewable.",False
P06-T17,P06,Paralegal,legal-practice,T17,Audit an AI-generated legal answer,binding-authority | persuasive-authority | procedural-material,SC01 | SC09 | SC17,SRC001 | SRC002 | SRC007 | SRC009 | SRC010 | SRC011 | SRC023 | SRC024 | SRC026,"Proposition-to-citation ledger, source hashes, version context and coverage declaration.",Re-verify all material current-law propositions.,invented citation | citation does not support proposition | hidden retrieval gap,"Every material proposition is supported, classified and risk-rated; hard failures cap the answer.",True
P06-T20,P06,Paralegal,legal-practice,T20,Verify citation and identity,binding-authority | history | legal-service-information,SC01 | SC09 | SC17 | SC12 | SC14 | SC30,SRC001 | SRC002 | SRC007 | SRC009 | SRC010 | SRC011 | SRC023 | SRC024 | SRC026 | SRC013 | SRC012 | SRC067,"Source-native identifiers, exact/qualified mappings, issuer and temporal identity.",Identity mapping versioned; live where institutions/citations evolve.,fuzzy match asserted as sameAs | parallel citations collapsed | wrong version joined,"Identity decision has mapping type, confidence, evidence and unresolved conflicts.",False
P07-T01,P07,Judge,judiciary,T01,Locate controlling authority,binding-authority,SC01 | SC09 | SC13 | SC15 | SC10,SRC001 | SRC002 | SRC007 | SRC009 | SRC010 | SRC011 | SRC068 | SRC069 | SRC018 | SRC019 | SRC020 | SRC012,Official work/case/rule identity plus selected passage and court/institutional competence.,Live verification at answer time for current advice; historical date fixed for retrospective research. Qualified human review is mandatory before consequential use.,topical but non-controlling source | later appeal or higher authority missed | guidance presented as law,"Controlling authority is identified, hierarchy and jurisdiction are stated, and every material proposition has a pinpoint.",True
P07-T02,P07,Judge,judiciary,T02,Determine whether law is in force,binding-authority,SC01 | SC09 | SC13 | SC15 | SC04 | SC05,SRC001 | SRC002 | SRC007 | SRC009 | SRC010 | SRC011 | SRC068 | SRC069 | SRC018 | SRC019 | SRC020 | SRC004,"Versioned legislation, commencement/effect records, extent and amendments with live official verification.",Zero tolerance for stale current-law answers. Qualified human review is mandatory before consequential use.,latest text confused with in-force text | unapplied effect ignored | commencement or savings omitted,"Answer states the relevant version, commencement, extent, amendments, savings and uncertainty.",True
P07-T03,P07,Judge,judiciary,T03,Point-in-time and historical research,binding-authority | history,SC01 | SC09 | SC13 | SC15 | SC04 | SC35,SRC001 | SRC002 | SRC007 | SRC009 | SRC010 | SRC011 | SRC068 | SRC069 | SRC018 | SRC019 | SRC020 | SRC004,"Dated expressions, amendment chronology, archived official material and source hashes.",Exact historical cut-off; later material segregated. Qualified human review is mandatory before consequential use.,anachronism | current consolidation substituted for historical text | archive date mistaken for legal date,A reproducible dated state and change chronology are supplied.,True
P07-T04,P07,Judge,judiciary,T04,Territorial extent and jurisdiction,binding-authority | legal-service-information,SC01 | SC09 | SC13 | SC15 | SC14 | SC30,SRC001 | SRC002 | SRC007 | SRC009 | SRC010 | SRC011 | SRC068 | SRC069 | SRC018 | SRC019 | SRC020 | SRC012,"Extent metadata, devolution/competence provisions, court or regulator jurisdiction sources.",Live for current competence; exact for historical jurisdiction. Qualified human review is mandatory before consequential use.,UK-wide assumption | extent confused with application | court/body identity conflated,"Territory, legal system, institutional competence and exceptions are explicit.",True
P07-T05,P07,Judge,judiciary,T05,"Trace amendments, commencement and repeal",binding-authority,SC01 | SC09 | SC13 | SC15 | SC05,SRC001 | SRC002 | SRC007 | SRC009 | SRC010 | SRC011 | SRC068 | SRC069 | SRC018 | SRC019 | SRC020 | SRC003,"Official effect feeds, amending instruments/provisions, commencement orders and selected passages.",Live verification at answer time. Qualified human review is mandatory before consequential use.,absence of recorded effect treated as no effect | prospective effect treated as operative | repeal savings omitted,Bidirectional change graph and current application status are evidenced.,True
P07-T06,P07,Judge,judiciary,T06,Identify judicial interpretation and treatment,binding-authority | persuasive-authority,SC01 | SC09 | SC13 | SC15 | SC10,SRC001 | SRC002 | SRC007 | SRC009 | SRC010 | SRC011 | SRC068 | SRC069 | SRC018 | SRC019 | SRC020 | SRC012,"Official judgments, cited passage, court hierarchy, later treatment and appeal status.",Live citator/treatment check before reliance. Qualified human review is mandatory before consequential use.,citation occurrence treated as approval | headnote substituted for judgment | later reversal missed,Treatment verbs are passage-evidenced and hierarchy/date qualified.,True
P07-T09,P07,Judge,judiciary,T09,Apply rules to facts,binding-authority | persuasive-authority,SC01 | SC09 | SC13 | SC15,SRC001 | SRC002 | SRC007 | SRC009 | SRC010 | SRC011 | SRC068 | SRC069 | SRC018 | SRC019 | SRC020,"Controlling text/cases, issue-element mapping, stated factual assumptions and uncertainty.",Live for current advice; professional review required. Qualified human review is mandatory before consequential use.,facts invented | legal conclusion overconfident | discretion treated as rule,"Elements, exceptions, burdens and missing facts are mapped, with escalation.",True
P07-T10,P07,Judge,judiciary,T10,"Find procedural steps, deadlines, forms and fees",procedural-material | binding-authority | legal-service-information,SC01 | SC09 | SC13 | SC15 | SC16 | SC17,SRC001 | SRC002 | SRC007 | SRC009 | SRC010 | SRC011 | SRC068 | SRC069 | SRC018 | SRC019 | SRC020 | SRC023,Current rule/order/practice direction plus live form/fee/service verification.,Same-day/live verification before action. Qualified human review is mandatory before consequential use.,outdated form/fee | wrong forum | guidance deadline not checked against rule,Actionable steps cite the operative procedural passage and current service artefacts.,True
P07-T11,P07,Judge,judiciary,T11,"Prepare litigation, advice, policy, compliance or enforcement work",binding-authority | persuasive-authority | official-guidance,SC01 | SC09 | SC13 | SC15 | SC20,SRC001 | SRC002 | SRC007 | SRC009 | SRC010 | SRC011 | SRC068 | SRC069 | SRC018 | SRC019 | SRC020 | SRC031,"Authority-ranked source set, selected passages, adverse material, currency and assumptions.",Live before issue/decision. Qualified human review is mandatory before consequential use.,confirmation bias | material adverse source omitted | official guidance elevated above law,"Deliverable is reproducible, balanced and professionally reviewable.",True
P07-T17,P07,Judge,judiciary,T17,Audit an AI-generated legal answer,binding-authority | persuasive-authority | procedural-material,SC01 | SC09 | SC13 | SC15,SRC001 | SRC002 | SRC007 | SRC009 | SRC010 | SRC011 | SRC068 | SRC069 | SRC018 | SRC019 | SRC020,"Proposition-to-citation ledger, source hashes, version context and coverage declaration.",Re-verify all material current-law propositions. Qualified human review is mandatory before consequential use.,invented citation | citation does not support proposition | hidden retrieval gap,"Every material proposition is supported, classified and risk-rated; hard failures cap the answer.",True
P07-T19,P07,Judge,judiciary,T19,Identify remedies and enforcement outcomes,binding-authority | procedural-material | delegated-administrative-rules | persuasive-authority,SC01 | SC09 | SC13 | SC15 | SC17 | SC21 | SC23,SRC001 | SRC002 | SRC007 | SRC009 | SRC010 | SRC011 | SRC068 | SRC069 | SRC018 | SRC019 | SRC020 | SRC023,"Operative remedy provisions, procedure, official decisions/notices and appeal status.",Live for current remedies and routes. Qualified human review is mandatory before consequential use.,past outcome treated as guaranteed | appeal route missed | regulator summary substituted for notice,"Remedy conditions, forum, deadline, discretion and evidence are explicit.",True
P07-T20,P07,Judge,judiciary,T20,Verify citation and identity,binding-authority | history | legal-service-information,SC01 | SC09 | SC13 | SC15 | SC12 | SC14 | SC30,SRC001 | SRC002 | SRC007 | SRC009 | SRC010 | SRC011 | SRC068 | SRC069 | SRC018 | SRC019 | SRC020 | SRC013,"Source-native identifiers, exact/qualified mappings, issuer and temporal identity.",Identity mapping versioned; live where institutions/citations evolve. Qualified human review is mandatory before consequential use.,fuzzy match asserted as sameAs | parallel citations collapsed | wrong version joined,"Identity decision has mapping type, confidence, evidence and unresolved conflicts.",True
P08-T01,P08,Tribunal member,judiciary,T01,Locate controlling authority,binding-authority,SC01 | SC10 | SC15 | SC20 | SC09,SRC001 | SRC002 | SRC007 | SRC009 | SRC010 | SRC012 | SRC018 | SRC019 | SRC020 | SRC031 | SRC033 | SRC034,Official work/case/rule identity plus selected passage and court/institutional competence.,Live verification at answer time for current advice; historical date fixed for retrospective research. Qualified human review is mandatory before consequential use.,topical but non-controlling source | later appeal or higher authority missed | guidance presented as law,"Controlling authority is identified, hierarchy and jurisdiction are stated, and every material proposition has a pinpoint.",True
P08-T02,P08,Tribunal member,judiciary,T02,Determine whether law is in force,binding-authority,SC01 | SC10 | SC15 | SC20 | SC04 | SC05,SRC001 | SRC002 | SRC007 | SRC009 | SRC010 | SRC012 | SRC018 | SRC019 | SRC020 | SRC031 | SRC033 | SRC034,"Versioned legislation, commencement/effect records, extent and amendments with live official verification.",Zero tolerance for stale current-law answers. Qualified human review is mandatory before consequential use.,latest text confused with in-force text | unapplied effect ignored | commencement or savings omitted,"Answer states the relevant version, commencement, extent, amendments, savings and uncertainty.",True
P08-T04,P08,Tribunal member,judiciary,T04,Territorial extent and jurisdiction,binding-authority | legal-service-information,SC01 | SC10 | SC15 | SC20 | SC14 | SC30,SRC001 | SRC002 | SRC007 | SRC009 | SRC010 | SRC012 | SRC018 | SRC019 | SRC020 | SRC031 | SRC033 | SRC034,"Extent metadata, devolution/competence provisions, court or regulator jurisdiction sources.",Live for current competence; exact for historical jurisdiction. Qualified human review is mandatory before consequential use.,UK-wide assumption | extent confused with application | court/body identity conflated,"Territory, legal system, institutional competence and exceptions are explicit.",True
P08-T05,P08,Tribunal member,judiciary,T05,"Trace amendments, commencement and repeal",binding-authority,SC01 | SC10 | SC15 | SC20 | SC05,SRC001 | SRC002 | SRC007 | SRC009 | SRC010 | SRC012 | SRC018 | SRC019 | SRC020 | SRC031 | SRC033 | SRC034,"Official effect feeds, amending instruments/provisions, commencement orders and selected passages.",Live verification at answer time. Qualified human review is mandatory before consequential use.,absence of recorded effect treated as no effect | prospective effect treated as operative | repeal savings omitted,Bidirectional change graph and current application status are evidenced.,True
P08-T06,P08,Tribunal member,judiciary,T06,Identify judicial interpretation and treatment,binding-authority | persuasive-authority,SC01 | SC10 | SC15 | SC20 | SC09 | SC13,SRC001 | SRC002 | SRC007 | SRC009 | SRC010 | SRC012 | SRC018 | SRC019 | SRC020 | SRC031 | SRC033 | SRC034,"Official judgments, cited passage, court hierarchy, later treatment and appeal status.",Live citator/treatment check before reliance. Qualified human review is mandatory before consequential use.,citation occurrence treated as approval | headnote substituted for judgment | later reversal missed,Treatment verbs are passage-evidenced and hierarchy/date qualified.,True
P08-T09,P08,Tribunal member,judiciary,T09,Apply rules to facts,binding-authority | persuasive-authority,SC01 | SC10 | SC15 | SC20 | SC09,SRC001 | SRC002 | SRC007 | SRC009 | SRC010 | SRC012 | SRC018 | SRC019 | SRC020 | SRC031 | SRC033 | SRC034,"Controlling text/cases, issue-element mapping, stated factual assumptions and uncertainty.",Live for current advice; professional review required. Qualified human review is mandatory before consequential use.,facts invented | legal conclusion overconfident | discretion treated as rule,"Elements, exceptions, burdens and missing facts are mapped, with escalation.",True
P08-T10,P08,Tribunal member,judiciary,T10,"Find procedural steps, deadlines, forms and fees",procedural-material | binding-authority | legal-service-information,SC01 | SC10 | SC15 | SC20 | SC16 | SC17,SRC001 | SRC002 | SRC007 | SRC009 | SRC010 | SRC012 | SRC018 | SRC019 | SRC020 | SRC031 | SRC033 | SRC034,Current rule/order/practice direction plus live form/fee/service verification.,Same-day/live verification before action. Qualified human review is mandatory before consequential use.,outdated form/fee | wrong forum | guidance deadline not checked against rule,Actionable steps cite the operative procedural passage and current service artefacts.,True
P08-T17,P08,Tribunal member,judiciary,T17,Audit an AI-generated legal answer,binding-authority | persuasive-authority | procedural-material,SC01 | SC10 | SC15 | SC20 | SC09,SRC001 | SRC002 | SRC007 | SRC009 | SRC010 | SRC012 | SRC018 | SRC019 | SRC020 | SRC031 | SRC033 | SRC034,"Proposition-to-citation ledger, source hashes, version context and coverage declaration.",Re-verify all material current-law propositions. Qualified human review is mandatory before consequential use.,invented citation | citation does not support proposition | hidden retrieval gap,"Every material proposition is supported, classified and risk-rated; hard failures cap the answer.",True
P08-T18,P08,Tribunal member,judiciary,T18,Identify institutional competence,binding-authority | legal-service-information,SC01 | SC10 | SC15 | SC20 | SC14 | SC30,SRC001 | SRC002 | SRC007 | SRC009 | SRC010 | SRC012 | SRC018 | SRC019 | SRC020 | SRC031 | SRC033 | SRC034,"Founding/empowering provisions, delegation, jurisdiction and temporal organisation identity.",Live for current bodies. Qualified human review is mandatory before consequential use.,organisation page treated as power source | successor/predecessor confused | delegation missing,"Competence, delegation, review route and date are sourced.",True
P08-T19,P08,Tribunal member,judiciary,T19,Identify remedies and enforcement outcomes,binding-authority | procedural-material | delegated-administrative-rules | persuasive-authority,SC01 | SC10 | SC15 | SC20 | SC17 | SC21 | SC23,SRC001 | SRC002 | SRC007 | SRC009 | SRC010 | SRC012 | SRC018 | SRC019 | SRC020 | SRC031 | SRC033 | SRC034,"Operative remedy provisions, procedure, official decisions/notices and appeal status.",Live for current remedies and routes. Qualified human review is mandatory before consequential use.,past outcome treated as guaranteed | appeal route missed | regulator summary substituted for notice,"Remedy conditions, forum, deadline, discretion and evidence are explicit.",True
P09-T01,P09,Judicial assistant,judiciary,T01,Locate controlling authority,binding-authority,SC01 | SC09 | SC13 | SC10,SRC001 | SRC002 | SRC007 | SRC009 | SRC010 | SRC011 | SRC068 | SRC069 | SRC012,Official work/case/rule identity plus selected passage and court/institutional competence.,Live verification at answer time for current advice; historical date fixed for retrospective research. Qualified human review is mandatory before consequential use.,topical but non-controlling source | later appeal or higher authority missed | guidance presented as law,"Controlling authority is identified, hierarchy and jurisdiction are stated, and every material proposition has a pinpoint.",True
P09-T02,P09,Judicial assistant,judiciary,T02,Determine whether law is in force,binding-authority,SC01 | SC09 | SC13 | SC04 | SC05,SRC001 | SRC002 | SRC007 | SRC009 | SRC010 | SRC011 | SRC068 | SRC069 | SRC004 | SRC003,"Versioned legislation, commencement/effect records, extent and amendments with live official verification.",Zero tolerance for stale current-law answers. Qualified human review is mandatory before consequential use.,latest text confused with in-force text | unapplied effect ignored | commencement or savings omitted,"Answer states the relevant version, commencement, extent, amendments, savings and uncertainty.",True
P09-T03,P09,Judicial assistant,judiciary,T03,Point-in-time and historical research,binding-authority | history,SC01 | SC09 | SC13 | SC04 | SC35,SRC001 | SRC002 | SRC007 | SRC009 | SRC010 | SRC011 | SRC068 | SRC069 | SRC004 | SRC015 | SRC017 | SRC070,"Dated expressions, amendment chronology, archived official material and source hashes.",Exact historical cut-off; later material segregated. Qualified human review is mandatory before consequential use.,anachronism | current consolidation substituted for historical text | archive date mistaken for legal date,A reproducible dated state and change chronology are supplied.,True
P09-T05,P09,Judicial assistant,judiciary,T05,"Trace amendments, commencement and repeal",binding-authority,SC01 | SC09 | SC13 | SC05,SRC001 | SRC002 | SRC007 | SRC009 | SRC010 | SRC011 | SRC068 | SRC069 | SRC003 | SRC004,"Official effect feeds, amending instruments/provisions, commencement orders and selected passages.",Live verification at answer time. Qualified human review is mandatory before consequential use.,absence of recorded effect treated as no effect | prospective effect treated as operative | repeal savings omitted,Bidirectional change graph and current application status are evidenced.,True
P09-T06,P09,Judicial assistant,judiciary,T06,Identify judicial interpretation and treatment,binding-authority | persuasive-authority,SC01 | SC09 | SC13 | SC10,SRC001 | SRC002 | SRC007 | SRC009 | SRC010 | SRC011 | SRC068 | SRC069 | SRC012,"Official judgments, cited passage, court hierarchy, later treatment and appeal status.",Live citator/treatment check before reliance. Qualified human review is mandatory before consequential use.,citation occurrence treated as approval | headnote substituted for judgment | later reversal missed,Treatment verbs are passage-evidenced and hierarchy/date qualified.,True
P09-T07,P09,Judicial assistant,judiciary,T07,Construct a chronology,binding-authority | history | official-guidance,SC01 | SC09 | SC13 | SC24 | SC04,SRC001 | SRC002 | SRC007 | SRC009 | SRC010 | SRC011 | SRC068 | SRC069 | SRC017 | SRC044 | SRC045 | SRC004,"Typed dated events with source identity, event date and publication/retrieval date separated.",Depends on task; current chronologies checked live. Qualified human review is mandatory before consequential use.,publication date confused with effective date | events silently omitted | time zones/version ambiguity,"A typed, source-backed chronology exposes gaps and conflicting dates.",True
P09-T11,P09,Judicial assistant,judiciary,T11,"Prepare litigation, advice, policy, compliance or enforcement work",binding-authority | persuasive-authority | official-guidance,SC01 | SC09 | SC13 | SC20,SRC001 | SRC002 | SRC007 | SRC009 | SRC010 | SRC011 | SRC068 | SRC069 | SRC031 | SRC033 | SRC034,"Authority-ranked source set, selected passages, adverse material, currency and assumptions.",Live before issue/decision. Qualified human review is mandatory before consequential use.,confirmation bias | material adverse source omitted | official guidance elevated above law,"Deliverable is reproducible, balanced and professionally reviewable.",True
P09-T17,P09,Judicial assistant,judiciary,T17,Audit an AI-generated legal answer,binding-authority | persuasive-authority | procedural-material,SC01 | SC09 | SC13,SRC001 | SRC002 | SRC007 | SRC009 | SRC010 | SRC011 | SRC068 | SRC069,"Proposition-to-citation ledger, source hashes, version context and coverage declaration.",Re-verify all material current-law propositions. Qualified human review is mandatory before consequential use.,invented citation | citation does not support proposition | hidden retrieval gap,"Every material proposition is supported, classified and risk-rated; hard failures cap the answer.",True
P09-T20,P09,Judicial assistant,judiciary,T20,Verify citation and identity,binding-authority | history | legal-service-information,SC01 | SC09 | SC13 | SC12 | SC14 | SC30,SRC001 | SRC002 | SRC007 | SRC009 | SRC010 | SRC011 | SRC068 | SRC069 | SRC013 | SRC012 | SRC067 | SRC072,"Source-native identifiers, exact/qualified mappings, issuer and temporal identity.",Identity mapping versioned; live where institutions/citations evolve. Qualified human review is mandatory before consequential use.,fuzzy match asserted as sameAs | parallel citations collapsed | wrong version joined,"Identity decision has mapping type, confidence, evidence and unresolved conflicts.",True
P10-T01,P10,Prosecutor,criminal-justice,T01,Locate controlling authority,binding-authority,SC01 | SC09 | SC15 | SC18 | SC19 | SC10,SRC001 | SRC002 | SRC007 | SRC009 | SRC010 | SRC011 | SRC018 | SRC019 | SRC020 | SRC027 | SRC028 | SRC029,Official work/case/rule identity plus selected passage and court/institutional competence.,Live verification at answer time for current advice; historical date fixed for retrospective research. Qualified human review is mandatory before consequential use.,topical but non-controlling source | later appeal or higher authority missed | guidance presented as law,"Controlling authority is identified, hierarchy and jurisdiction are stated, and every material proposition has a pinpoint.",True
P10-T02,P10,Prosecutor,criminal-justice,T02,Determine whether law is in force,binding-authority,SC01 | SC09 | SC15 | SC18 | SC19 | SC04 | SC05,SRC001 | SRC002 | SRC007 | SRC009 | SRC010 | SRC011 | SRC018 | SRC019 | SRC020 | SRC027 | SRC028 | SRC029,"Versioned legislation, commencement/effect records, extent and amendments with live official verification.",Zero tolerance for stale current-law answers. Qualified human review is mandatory before consequential use.,latest text confused with in-force text | unapplied effect ignored | commencement or savings omitted,"Answer states the relevant version, commencement, extent, amendments, savings and uncertainty.",True
P10-T04,P10,Prosecutor,criminal-justice,T04,Territorial extent and jurisdiction,binding-authority | legal-service-information,SC01 | SC09 | SC15 | SC18 | SC19 | SC14 | SC30,SRC001 | SRC002 | SRC007 | SRC009 | SRC010 | SRC011 | SRC018 | SRC019 | SRC020 | SRC027 | SRC028 | SRC029,"Extent metadata, devolution/competence provisions, court or regulator jurisdiction sources.",Live for current competence; exact for historical jurisdiction. Qualified human review is mandatory before consequential use.,UK-wide assumption | extent confused with application | court/body identity conflated,"Territory, legal system, institutional competence and exceptions are explicit.",True
P10-T06,P10,Prosecutor,criminal-justice,T06,Identify judicial interpretation and treatment,binding-authority | persuasive-authority,SC01 | SC09 | SC15 | SC18 | SC19 | SC10 | SC13,SRC001 | SRC002 | SRC007 | SRC009 | SRC010 | SRC011 | SRC018 | SRC019 | SRC020 | SRC027 | SRC028 | SRC029,"Official judgments, cited passage, court hierarchy, later treatment and appeal status.",Live citator/treatment check before reliance. Qualified human review is mandatory before consequential use.,citation occurrence treated as approval | headnote substituted for judgment | later reversal missed,Treatment verbs are passage-evidenced and hierarchy/date qualified.,True
P10-T09,P10,Prosecutor,criminal-justice,T09,Apply rules to facts,binding-authority | persuasive-authority,SC01 | SC09 | SC15 | SC18 | SC19,SRC001 | SRC002 | SRC007 | SRC009 | SRC010 | SRC011 | SRC018 | SRC019 | SRC020 | SRC027 | SRC028 | SRC029,"Controlling text/cases, issue-element mapping, stated factual assumptions and uncertainty.",Live for current advice; professional review required. Qualified human review is mandatory before consequential use.,facts invented | legal conclusion overconfident | discretion treated as rule,"Elements, exceptions, burdens and missing facts are mapped, with escalation.",True
P10-T10,P10,Prosecutor,criminal-justice,T10,"Find procedural steps, deadlines, forms and fees",procedural-material | binding-authority | legal-service-information,SC01 | SC09 | SC15 | SC18 | SC19 | SC16 | SC17,SRC001 | SRC002 | SRC007 | SRC009 | SRC010 | SRC011 | SRC018 | SRC019 | SRC020 | SRC027 | SRC028 | SRC029,Current rule/order/practice direction plus live form/fee/service verification.,Same-day/live verification before action. Qualified human review is mandatory before consequential use.,outdated form/fee | wrong forum | guidance deadline not checked against rule,Actionable steps cite the operative procedural passage and current service artefacts.,True
P10-T11,P10,Prosecutor,criminal-justice,T11,"Prepare litigation, advice, policy, compliance or enforcement work",binding-authority | persuasive-authority | official-guidance,SC01 | SC09 | SC15 | SC18 | SC19 | SC20,SRC001 | SRC002 | SRC007 | SRC009 | SRC010 | SRC011 | SRC018 | SRC019 | SRC020 | SRC027 | SRC028 | SRC029,"Authority-ranked source set, selected passages, adverse material, currency and assumptions.",Live before issue/decision. Qualified human review is mandatory before consequential use.,confirmation bias | material adverse source omitted | official guidance elevated above law,"Deliverable is reproducible, balanced and professionally reviewable.",True
P10-T17,P10,Prosecutor,criminal-justice,T17,Audit an AI-generated legal answer,binding-authority | persuasive-authority | procedural-material,SC01 | SC09 | SC15 | SC18 | SC19,SRC001 | SRC002 | SRC007 | SRC009 | SRC010 | SRC011 | SRC018 | SRC019 | SRC020 | SRC027 | SRC028 | SRC029,"Proposition-to-citation ledger, source hashes, version context and coverage declaration.",Re-verify all material current-law propositions. Qualified human review is mandatory before consequential use.,invented citation | citation does not support proposition | hidden retrieval gap,"Every material proposition is supported, classified and risk-rated; hard failures cap the answer.",True
P10-T19,P10,Prosecutor,criminal-justice,T19,Identify remedies and enforcement outcomes,binding-authority | procedural-material | delegated-administrative-rules | persuasive-authority,SC01 | SC09 | SC15 | SC18 | SC19 | SC17 | SC21 | SC23,SRC001 | SRC002 | SRC007 | SRC009 | SRC010 | SRC011 | SRC018 | SRC019 | SRC020 | SRC027 | SRC028 | SRC029,"Operative remedy provisions, procedure, official decisions/notices and appeal status.",Live for current remedies and routes. Qualified human review is mandatory before consequential use.,past outcome treated as guaranteed | appeal route missed | regulator summary substituted for notice,"Remedy conditions, forum, deadline, discretion and evidence are explicit.",True
P11-T01,P11,Defence practitioner,criminal-justice,T01,Locate controlling authority,binding-authority,SC01 | SC09 | SC15 | SC18 | SC19 | SC10,SRC001 | SRC002 | SRC007 | SRC009 | SRC010 | SRC011 | SRC018 | SRC019 | SRC020 | SRC027 | SRC028 | SRC029,Official work/case/rule identity plus selected passage and court/institutional competence.,Live verification at answer time for current advice; historical date fixed for retrospective research. Qualified human review is mandatory before consequential use.,topical but non-controlling source | later appeal or higher authority missed | guidance presented as law,"Controlling authority is identified, hierarchy and jurisdiction are stated, and every material proposition has a pinpoint.",True
P11-T02,P11,Defence practitioner,criminal-justice,T02,Determine whether law is in force,binding-authority,SC01 | SC09 | SC15 | SC18 | SC19 | SC04 | SC05,SRC001 | SRC002 | SRC007 | SRC009 | SRC010 | SRC011 | SRC018 | SRC019 | SRC020 | SRC027 | SRC028 | SRC029,"Versioned legislation, commencement/effect records, extent and amendments with live official verification.",Zero tolerance for stale current-law answers. Qualified human review is mandatory before consequential use.,latest text confused with in-force text | unapplied effect ignored | commencement or savings omitted,"Answer states the relevant version, commencement, extent, amendments, savings and uncertainty.",True
P11-T03,P11,Defence practitioner,criminal-justice,T03,Point-in-time and historical research,binding-authority | history,SC01 | SC09 | SC15 | SC18 | SC19 | SC04 | SC35,SRC001 | SRC002 | SRC007 | SRC009 | SRC010 | SRC011 | SRC018 | SRC019 | SRC020 | SRC027 | SRC028 | SRC029,"Dated expressions, amendment chronology, archived official material and source hashes.",Exact historical cut-off; later material segregated. Qualified human review is mandatory before consequential use.,anachronism | current consolidation substituted for historical text | archive date mistaken for legal date,A reproducible dated state and change chronology are supplied.,True
P11-T04,P11,Defence practitioner,criminal-justice,T04,Territorial extent and jurisdiction,binding-authority | legal-service-information,SC01 | SC09 | SC15 | SC18 | SC19 | SC14 | SC30,SRC001 | SRC002 | SRC007 | SRC009 | SRC010 | SRC011 | SRC018 | SRC019 | SRC020 | SRC027 | SRC028 | SRC029,"Extent metadata, devolution/competence provisions, court or regulator jurisdiction sources.",Live for current competence; exact for historical jurisdiction. Qualified human review is mandatory before consequential use.,UK-wide assumption | extent confused with application | court/body identity conflated,"Territory, legal system, institutional competence and exceptions are explicit.",True
P11-T06,P11,Defence practitioner,criminal-justice,T06,Identify judicial interpretation and treatment,binding-authority | persuasive-authority,SC01 | SC09 | SC15 | SC18 | SC19 | SC10 | SC13,SRC001 | SRC002 | SRC007 | SRC009 | SRC010 | SRC011 | SRC018 | SRC019 | SRC020 | SRC027 | SRC028 | SRC029,"Official judgments, cited passage, court hierarchy, later treatment and appeal status.",Live citator/treatment check before reliance. Qualified human review is mandatory before consequential use.,citation occurrence treated as approval | headnote substituted for judgment | later reversal missed,Treatment verbs are passage-evidenced and hierarchy/date qualified.,True
P11-T09,P11,Defence practitioner,criminal-justice,T09,Apply rules to facts,binding-authority | persuasive-authority,SC01 | SC09 | SC15 | SC18 | SC19,SRC001 | SRC002 | SRC007 | SRC009 | SRC010 | SRC011 | SRC018 | SRC019 | SRC020 | SRC027 | SRC028 | SRC029,"Controlling text/cases, issue-element mapping, stated factual assumptions and uncertainty.",Live for current advice; professional review required. Qualified human review is mandatory before consequential use.,facts invented | legal conclusion overconfident | discretion treated as rule,"Elements, exceptions, burdens and missing facts are mapped, with escalation.",True
P11-T10,P11,Defence practitioner,criminal-justice,T10,"Find procedural steps, deadlines, forms and fees",procedural-material | binding-authority | legal-service-information,SC01 | SC09 | SC15 | SC18 | SC19 | SC16 | SC17,SRC001 | SRC002 | SRC007 | SRC009 | SRC010 | SRC011 | SRC018 | SRC019 | SRC020 | SRC027 | SRC028 | SRC029,Current rule/order/practice direction plus live form/fee/service verification.,Same-day/live verification before action. Qualified human review is mandatory before consequential use.,outdated form/fee | wrong forum | guidance deadline not checked against rule,Actionable steps cite the operative procedural passage and current service artefacts.,True
P11-T11,P11,Defence practitioner,criminal-justice,T11,"Prepare litigation, advice, policy, compliance or enforcement work",binding-authority | persuasive-authority | official-guidance,SC01 | SC09 | SC15 | SC18 | SC19 | SC20,SRC001 | SRC002 | SRC007 | SRC009 | SRC010 | SRC011 | SRC018 | SRC019 | SRC020 | SRC027 | SRC028 | SRC029,"Authority-ranked source set, selected passages, adverse material, currency and assumptions.",Live before issue/decision. Qualified human review is mandatory before consequential use.,confirmation bias | material adverse source omitted | official guidance elevated above law,"Deliverable is reproducible, balanced and professionally reviewable.",True
P11-T17,P11,Defence practitioner,criminal-justice,T17,Audit an AI-generated legal answer,binding-authority | persuasive-authority | procedural-material,SC01 | SC09 | SC15 | SC18 | SC19,SRC001 | SRC002 | SRC007 | SRC009 | SRC010 | SRC011 | SRC018 | SRC019 | SRC020 | SRC027 | SRC028 | SRC029,"Proposition-to-citation ledger, source hashes, version context and coverage declaration.",Re-verify all material current-law propositions. Qualified human review is mandatory before consequential use.,invented citation | citation does not support proposition | hidden retrieval gap,"Every material proposition is supported, classified and risk-rated; hard failures cap the answer.",True
P11-T19,P11,Defence practitioner,criminal-justice,T19,Identify remedies and enforcement outcomes,binding-authority | procedural-material | delegated-administrative-rules | persuasive-authority,SC01 | SC09 | SC15 | SC18 | SC19 | SC17 | SC21 | SC23,SRC001 | SRC002 | SRC007 | SRC009 | SRC010 | SRC011 | SRC018 | SRC019 | SRC020 | SRC027 | SRC028 | SRC029,"Operative remedy provisions, procedure, official decisions/notices and appeal status.",Live for current remedies and routes. Qualified human review is mandatory before consequential use.,past outcome treated as guaranteed | appeal route missed | regulator summary substituted for notice,"Remedy conditions, forum, deadline, discretion and evidence are explicit.",True
P12-T01,P12,Government lawyer,government,T01,Locate controlling authority,binding-authority,SC01 | SC02 | SC09 | SC22 | SC24 | SC10,SRC001 | SRC002 | SRC007 | SRC047 | SRC009 | SRC010 | SRC011 | SRC022 | SRC031 | SRC034 | SRC017 | SRC044,Official work/case/rule identity plus selected passage and court/institutional competence.,Live verification at answer time for current advice; historical date fixed for retrospective research. Qualified human review is mandatory before consequential use.,topical but non-controlling source | later appeal or higher authority missed | guidance presented as law,"Controlling authority is identified, hierarchy and jurisdiction are stated, and every material proposition has a pinpoint.",True
P12-T02,P12,Government lawyer,government,T02,Determine whether law is in force,binding-authority,SC01 | SC02 | SC09 | SC22 | SC24 | SC04 | SC05,SRC001 | SRC002 | SRC007 | SRC047 | SRC009 | SRC010 | SRC011 | SRC022 | SRC031 | SRC034 | SRC017 | SRC044,"Versioned legislation, commencement/effect records, extent and amendments with live official verification.",Zero tolerance for stale current-law answers. Qualified human review is mandatory before consequential use.,latest text confused with in-force text | unapplied effect ignored | commencement or savings omitted,"Answer states the relevant version, commencement, extent, amendments, savings and uncertainty.",True
P12-T03,P12,Government lawyer,government,T03,Point-in-time and historical research,binding-authority | history,SC01 | SC02 | SC09 | SC22 | SC24 | SC04 | SC35,SRC001 | SRC002 | SRC007 | SRC047 | SRC009 | SRC010 | SRC011 | SRC022 | SRC031 | SRC034 | SRC017 | SRC044,"Dated expressions, amendment chronology, archived official material and source hashes.",Exact historical cut-off; later material segregated. Qualified human review is mandatory before consequential use.,anachronism | current consolidation substituted for historical text | archive date mistaken for legal date,A reproducible dated state and change chronology are supplied.,True
P12-T04,P12,Government lawyer,government,T04,Territorial extent and jurisdiction,binding-authority | legal-service-information,SC01 | SC02 | SC09 | SC22 | SC24 | SC14 | SC30,SRC001 | SRC002 | SRC007 | SRC047 | SRC009 | SRC010 | SRC011 | SRC022 | SRC031 | SRC034 | SRC017 | SRC044,"Extent metadata, devolution/competence provisions, court or regulator jurisdiction sources.",Live for current competence; exact for historical jurisdiction. Qualified human review is mandatory before consequential use.,UK-wide assumption | extent confused with application | court/body identity conflated,"Territory, legal system, institutional competence and exceptions are explicit.",True
P12-T05,P12,Government lawyer,government,T05,"Trace amendments, commencement and repeal",binding-authority,SC01 | SC02 | SC09 | SC22 | SC24 | SC05,SRC001 | SRC002 | SRC007 | SRC047 | SRC009 | SRC010 | SRC011 | SRC022 | SRC031 | SRC034 | SRC017 | SRC044,"Official effect feeds, amending instruments/provisions, commencement orders and selected passages.",Live verification at answer time. Qualified human review is mandatory before consequential use.,absence of recorded effect treated as no effect | prospective effect treated as operative | repeal savings omitted,Bidirectional change graph and current application status are evidenced.,True
P12-T06,P12,Government lawyer,government,T06,Identify judicial interpretation and treatment,binding-authority | persuasive-authority,SC01 | SC02 | SC09 | SC22 | SC24 | SC10 | SC13,SRC001 | SRC002 | SRC007 | SRC047 | SRC009 | SRC010 | SRC011 | SRC022 | SRC031 | SRC034 | SRC017 | SRC044,"Official judgments, cited passage, court hierarchy, later treatment and appeal status.",Live citator/treatment check before reliance. Qualified human review is mandatory before consequential use.,citation occurrence treated as approval | headnote substituted for judgment | later reversal missed,Treatment verbs are passage-evidenced and hierarchy/date qualified.,True
P12-T07,P12,Government lawyer,government,T07,Construct a chronology,binding-authority | history | official-guidance,SC01 | SC02 | SC09 | SC22 | SC24 | SC04,SRC001 | SRC002 | SRC007 | SRC047 | SRC009 | SRC010 | SRC011 | SRC022 | SRC031 | SRC034 | SRC017 | SRC044,"Typed dated events with source identity, event date and publication/retrieval date separated.",Depends on task; current chronologies checked live. Qualified human review is mandatory before consequential use.,publication date confused with effective date | events silently omitted | time zones/version ambiguity,"A typed, source-backed chronology exposes gaps and conflicting dates.",True
P12-T11,P12,Government lawyer,government,T11,"Prepare litigation, advice, policy, compliance or enforcement work",binding-authority | persuasive-authority | official-guidance,SC01 | SC02 | SC09 | SC22 | SC24 | SC20,SRC001 | SRC002 | SRC007 | SRC047 | SRC009 | SRC010 | SRC011 | SRC022 | SRC031 | SRC034 | SRC017 | SRC044,"Authority-ranked source set, selected passages, adverse material, currency and assumptions.",Live before issue/decision. Qualified human review is mandatory before consequential use.,confirmation bias | material adverse source omitted | official guidance elevated above law,"Deliverable is reproducible, balanced and professionally reviewable.",True
P12-T12,P12,Government lawyer,government,T12,Research legislative intent,history | binding-authority,SC01 | SC02 | SC09 | SC22 | SC24 | SC03 | SC25 | SC26,SRC001 | SRC002 | SRC007 | SRC047 | SRC009 | SRC010 | SRC011 | SRC022 | SRC031 | SRC034 | SRC017 | SRC044,"Official Bill/stage documents, Hansard passages, explanatory notes and enacted text.",Historical source set fixed; later interpretation segregated. Qualified human review is mandatory before consequential use.,ministerial statement treated as law | wrong Bill version | selective quotation,History is connected to enacted provisions without overstating interpretive weight.,True
P12-T13,P12,Government lawyer,government,T13,Monitor legal change,binding-authority | procedural-material | delegated-administrative-rules | official-guidance,SC01 | SC02 | SC09 | SC22 | SC24 | SC04 | SC21,SRC001 | SRC002 | SRC007 | SRC047 | SRC009 | SRC010 | SRC011 | SRC022 | SRC031 | SRC034 | SRC017 | SRC044,"Official feeds/logs, hashes, version differences and impact classification.",Source-specific service-level objective; critical sources daily or event-driven. Qualified human review is mandatory before consequential use.,silent source deletion | publication event missed | cosmetic change escalated as legal change,"Change event is detected, typed, evidenced, impact-assessed and reviewable.",True
P12-T15,P12,Government lawyer,government,T15,Draft or check legal instruments,binding-authority | history | procedural-material,SC01 | SC02 | SC09 | SC22 | SC24 | SC03 | SC05,SRC001 | SRC002 | SRC007 | SRC047 | SRC009 | SRC010 | SRC011 | SRC022 | SRC031 | SRC034 | SRC017 | SRC044,"Enabling provisions, drafting guidance, precedents with status, current affected law and versioned draft.",Live at drafting/clearance milestones. Qualified human review is mandatory before consequential use.,wrong enabling power | defective cross-reference | extent/commencement mismatch,Each drafting proposition and dependency is traceable; human counsel approves.,True
P12-T17,P12,Government lawyer,government,T17,Audit an AI-generated legal answer,binding-authority | persuasive-authority | procedural-material,SC01 | SC02 | SC09 | SC22 | SC24,SRC001 | SRC002 | SRC007 | SRC047 | SRC009 | SRC010 | SRC011 | SRC022 | SRC031 | SRC034 | SRC017 | SRC044,"Proposition-to-citation ledger, source hashes, version context and coverage declaration.",Re-verify all material current-law propositions. Qualified human review is mandatory before consequential use.,invented citation | citation does not support proposition | hidden retrieval gap,"Every material proposition is supported, classified and risk-rated; hard failures cap the answer.",True
P12-T18,P12,Government lawyer,government,T18,Identify institutional competence,binding-authority | legal-service-information,SC01 | SC02 | SC09 | SC22 | SC24 | SC14 | SC30,SRC001 | SRC002 | SRC007 | SRC047 | SRC009 | SRC010 | SRC011 | SRC022 | SRC031 | SRC034 | SRC017 | SRC044,"Founding/empowering provisions, delegation, jurisdiction and temporal organisation identity.",Live for current bodies. Qualified human review is mandatory before consequential use.,organisation page treated as power source | successor/predecessor confused | delegation missing,"Competence, delegation, review route and date are sourced.",True
P12-T19,P12,Government lawyer,government,T19,Identify remedies and enforcement outcomes,binding-authority | procedural-material | delegated-administrative-rules | persuasive-authority,SC01 | SC02 | SC09 | SC22 | SC24 | SC17 | SC21 | SC23,SRC001 | SRC002 | SRC007 | SRC047 | SRC009 | SRC010 | SRC011 | SRC022 | SRC031 | SRC034 | SRC017 | SRC044,"Operative remedy provisions, procedure, official decisions/notices and appeal status.",Live for current remedies and routes. Qualified human review is mandatory before consequential use.,past outcome treated as guaranteed | appeal route missed | regulator summary substituted for notice,"Remedy conditions, forum, deadline, discretion and evidence are explicit.",True
P13-T02,P13,Parliamentary counsel,government,T02,Determine whether law is in force,binding-authority,SC01 | SC02 | SC03 | SC05 | SC24 | SC26 | SC04,SRC001 | SRC002 | SRC007 | SRC047 | SRC006 | SRC044 | SRC003 | SRC004 | SRC017 | SRC045 | SRC051 | SRC052,"Versioned legislation, commencement/effect records, extent and amendments with live official verification.",Zero tolerance for stale current-law answers. Qualified human review is mandatory before consequential use.,latest text confused with in-force text | unapplied effect ignored | commencement or savings omitted,"Answer states the relevant version, commencement, extent, amendments, savings and uncertainty.",True
P13-T03,P13,Parliamentary counsel,government,T03,Point-in-time and historical research,binding-authority | history,SC01 | SC02 | SC03 | SC05 | SC24 | SC26 | SC04 | SC35,SRC001 | SRC002 | SRC007 | SRC047 | SRC006 | SRC044 | SRC003 | SRC004 | SRC017 | SRC045 | SRC051 | SRC052,"Dated expressions, amendment chronology, archived official material and source hashes.",Exact historical cut-off; later material segregated. Qualified human review is mandatory before consequential use.,anachronism | current consolidation substituted for historical text | archive date mistaken for legal date,A reproducible dated state and change chronology are supplied.,True
P13-T04,P13,Parliamentary counsel,government,T04,Territorial extent and jurisdiction,binding-authority | legal-service-information,SC01 | SC02 | SC03 | SC05 | SC24 | SC26 | SC14 | SC30,SRC001 | SRC002 | SRC007 | SRC047 | SRC006 | SRC044 | SRC003 | SRC004 | SRC017 | SRC045 | SRC051 | SRC052,"Extent metadata, devolution/competence provisions, court or regulator jurisdiction sources.",Live for current competence; exact for historical jurisdiction. Qualified human review is mandatory before consequential use.,UK-wide assumption | extent confused with application | court/body identity conflated,"Territory, legal system, institutional competence and exceptions are explicit.",True
P13-T05,P13,Parliamentary counsel,government,T05,"Trace amendments, commencement and repeal",binding-authority,SC01 | SC02 | SC03 | SC05 | SC24 | SC26,SRC001 | SRC002 | SRC007 | SRC047 | SRC006 | SRC044 | SRC003 | SRC004 | SRC017 | SRC045 | SRC051 | SRC052,"Official effect feeds, amending instruments/provisions, commencement orders and selected passages.",Live verification at answer time. Qualified human review is mandatory before consequential use.,absence of recorded effect treated as no effect | prospective effect treated as operative | repeal savings omitted,Bidirectional change graph and current application status are evidenced.,True
P13-T07,P13,Parliamentary counsel,government,T07,Construct a chronology,binding-authority | history | official-guidance,SC01 | SC02 | SC03 | SC05 | SC24 | SC26 | SC04,SRC001 | SRC002 | SRC007 | SRC047 | SRC006 | SRC044 | SRC003 | SRC004 | SRC017 | SRC045 | SRC051 | SRC052,"Typed dated events with source identity, event date and publication/retrieval date separated.",Depends on task; current chronologies checked live. Qualified human review is mandatory before consequential use.,publication date confused with effective date | events silently omitted | time zones/version ambiguity,"A typed, source-backed chronology exposes gaps and conflicting dates.",True
P13-T08,P13,Parliamentary counsel,government,T08,Compare jurisdictions,binding-authority | procedural-material,SC01 | SC02 | SC03 | SC05 | SC24 | SC26 | SC15,SRC001 | SRC002 | SRC007 | SRC047 | SRC006 | SRC044 | SRC003 | SRC004 | SRC017 | SRC045 | SRC051 | SRC052,Separate authoritative sources per jurisdiction with explicit non-equivalence.,Same effective date across compared systems. Qualified human review is mandatory before consequential use.,English rule generalised to UK | same label assumed same concept | asynchronous reform ignored,"Differences, commonalities, dates and institutional contexts are separately sourced.",True
P13-T12,P13,Parliamentary counsel,government,T12,Research legislative intent,history | binding-authority,SC01 | SC02 | SC03 | SC05 | SC24 | SC26 | SC25,SRC001 | SRC002 | SRC007 | SRC047 | SRC006 | SRC044 | SRC003 | SRC004 | SRC017 | SRC045 | SRC051 | SRC052,"Official Bill/stage documents, Hansard passages, explanatory notes and enacted text.",Historical source set fixed; later interpretation segregated. Qualified human review is mandatory before consequential use.,ministerial statement treated as law | wrong Bill version | selective quotation,History is connected to enacted provisions without overstating interpretive weight.,True
P13-T13,P13,Parliamentary counsel,government,T13,Monitor legal change,binding-authority | procedural-material | delegated-administrative-rules | official-guidance,SC01 | SC02 | SC03 | SC05 | SC24 | SC26 | SC04 | SC21,SRC001 | SRC002 | SRC007 | SRC047 | SRC006 | SRC044 | SRC003 | SRC004 | SRC017 | SRC045 | SRC051 | SRC052,"Official feeds/logs, hashes, version differences and impact classification.",Source-specific service-level objective; critical sources daily or event-driven. Qualified human review is mandatory before consequential use.,silent source deletion | publication event missed | cosmetic change escalated as legal change,"Change event is detected, typed, evidenced, impact-assessed and reviewable.",True
P13-T15,P13,Parliamentary counsel,government,T15,Draft or check legal instruments,binding-authority | history | procedural-material,SC01 | SC02 | SC03 | SC05 | SC24 | SC26,SRC001 | SRC002 | SRC007 | SRC047 | SRC006 | SRC044 | SRC003 | SRC004 | SRC017 | SRC045 | SRC051 | SRC052,"Enabling provisions, drafting guidance, precedents with status, current affected law and versioned draft.",Live at drafting/clearance milestones. Qualified human review is mandatory before consequential use.,wrong enabling power | defective cross-reference | extent/commencement mismatch,Each drafting proposition and dependency is traceable; human counsel approves.,True
P13-T17,P13,Parliamentary counsel,government,T17,Audit an AI-generated legal answer,binding-authority | persuasive-authority | procedural-material,SC01 | SC02 | SC03 | SC05 | SC24 | SC26 | SC09,SRC001 | SRC002 | SRC007 | SRC047 | SRC006 | SRC044 | SRC003 | SRC004 | SRC017 | SRC045 | SRC051 | SRC052,"Proposition-to-citation ledger, source hashes, version context and coverage declaration.",Re-verify all material current-law propositions. Qualified human review is mandatory before consequential use.,invented citation | citation does not support proposition | hidden retrieval gap,"Every material proposition is supported, classified and risk-rated; hard failures cap the answer.",True
P13-T18,P13,Parliamentary counsel,government,T18,Identify institutional competence,binding-authority | legal-service-information,SC01 | SC02 | SC03 | SC05 | SC24 | SC26 | SC14 | SC30,SRC001 | SRC002 | SRC007 | SRC047 | SRC006 | SRC044 | SRC003 | SRC004 | SRC017 | SRC045 | SRC051 | SRC052,"Founding/empowering provisions, delegation, jurisdiction and temporal organisation identity.",Live for current bodies. Qualified human review is mandatory before consequential use.,organisation page treated as power source | successor/predecessor confused | delegation missing,"Competence, delegation, review route and date are sourced.",True
P13-T20,P13,Parliamentary counsel,government,T20,Verify citation and identity,binding-authority | history | legal-service-information,SC01 | SC02 | SC03 | SC05 | SC24 | SC26 | SC12 | SC14 | SC30,SRC001 | SRC002 | SRC007 | SRC047 | SRC006 | SRC044 | SRC003 | SRC004 | SRC017 | SRC045 | SRC051 | SRC052,"Source-native identifiers, exact/qualified mappings, issuer and temporal identity.",Identity mapping versioned; live where institutions/citations evolve. Qualified human review is mandatory before consequential use.,fuzzy match asserted as sameAs | parallel citations collapsed | wrong version joined,"Identity decision has mapping type, confidence, evidence and unresolved conflicts.",True
P14-T01,P14,Legislator,legislature,T01,Locate controlling authority,binding-authority,SC03 | SC24 | SC25 | SC26 | SC01 | SC09 | SC10,SRC001 | SRC006 | SRC044 | SRC017 | SRC045 | SRC004 | SRC005 | SRC051 | SRC052 | SRC002 | SRC007 | SRC009,Official work/case/rule identity plus selected passage and court/institutional competence.,Live verification at answer time for current advice; historical date fixed for retrospective research.,topical but non-controlling source | later appeal or higher authority missed | guidance presented as law,"Controlling authority is identified, hierarchy and jurisdiction are stated, and every material proposition has a pinpoint.",False
P14-T02,P14,Legislator,legislature,T02,Determine whether law is in force,binding-authority,SC03 | SC24 | SC25 | SC26 | SC04 | SC05,SRC001 | SRC006 | SRC044 | SRC017 | SRC045 | SRC004 | SRC005 | SRC051 | SRC052 | SRC002 | SRC007 | SRC003,"Versioned legislation, commencement/effect records, extent and amendments with live official verification.",Zero tolerance for stale current-law answers.,latest text confused with in-force text | unapplied effect ignored | commencement or savings omitted,"Answer states the relevant version, commencement, extent, amendments, savings and uncertainty.",True
P14-T04,P14,Legislator,legislature,T04,Territorial extent and jurisdiction,binding-authority | legal-service-information,SC03 | SC24 | SC25 | SC26 | SC14 | SC30,SRC001 | SRC006 | SRC044 | SRC017 | SRC045 | SRC004 | SRC005 | SRC051 | SRC052 | SRC009 | SRC011 | SRC012,"Extent metadata, devolution/competence provisions, court or regulator jurisdiction sources.",Live for current competence; exact for historical jurisdiction.,UK-wide assumption | extent confused with application | court/body identity conflated,"Territory, legal system, institutional competence and exceptions are explicit.",False
P14-T07,P14,Legislator,legislature,T07,Construct a chronology,binding-authority | history | official-guidance,SC03 | SC24 | SC25 | SC26 | SC04,SRC001 | SRC006 | SRC044 | SRC017 | SRC045 | SRC004 | SRC005 | SRC051 | SRC052 | SRC002 | SRC007,"Typed dated events with source identity, event date and publication/retrieval date separated.",Depends on task; current chronologies checked live.,publication date confused with effective date | events silently omitted | time zones/version ambiguity,"A typed, source-backed chronology exposes gaps and conflicting dates.",False
P14-T08,P14,Legislator,legislature,T08,Compare jurisdictions,binding-authority | procedural-material,SC03 | SC24 | SC25 | SC26 | SC01 | SC15,SRC001 | SRC006 | SRC044 | SRC017 | SRC045 | SRC004 | SRC005 | SRC051 | SRC052 | SRC002 | SRC007 | SRC018,Separate authoritative sources per jurisdiction with explicit non-equivalence.,Same effective date across compared systems.,English rule generalised to UK | same label assumed same concept | asynchronous reform ignored,"Differences, commonalities, dates and institutional contexts are separately sourced.",False
P14-T12,P14,Legislator,legislature,T12,Research legislative intent,history | binding-authority,SC03 | SC24 | SC25 | SC26,SRC001 | SRC006 | SRC044 | SRC017 | SRC045 | SRC004 | SRC005 | SRC051 | SRC052,"Official Bill/stage documents, Hansard passages, explanatory notes and enacted text.",Historical source set fixed; later interpretation segregated.,ministerial statement treated as law | wrong Bill version | selective quotation,History is connected to enacted provisions without overstating interpretive weight.,False
P14-T13,P14,Legislator,legislature,T13,Monitor legal change,binding-authority | procedural-material | delegated-administrative-rules | official-guidance,SC03 | SC24 | SC25 | SC26 | SC04 | SC21,SRC001 | SRC006 | SRC044 | SRC017 | SRC045 | SRC004 | SRC005 | SRC051 | SRC052 | SRC002 | SRC007 | SRC032,"Official feeds/logs, hashes, version differences and impact classification.",Source-specific service-level objective; critical sources daily or event-driven.,silent source deletion | publication event missed | cosmetic change escalated as legal change,"Change event is detected, typed, evidenced, impact-assessed and reviewable.",False
P14-T15,P14,Legislator,legislature,T15,Draft or check legal instruments,binding-authority | history | procedural-material,SC03 | SC24 | SC25 | SC26 | SC01 | SC02 | SC05,SRC001 | SRC006 | SRC044 | SRC017 | SRC045 | SRC004 | SRC005 | SRC051 | SRC052 | SRC002 | SRC007 | SRC047,"Enabling provisions, drafting guidance, precedents with status, current affected law and versioned draft.",Live at drafting/clearance milestones.,wrong enabling power | defective cross-reference | extent/commencement mismatch,Each drafting proposition and dependency is traceable; human counsel approves.,True
P14-T16,P14,Legislator,legislature,T16,Produce accessible public explanation,binding-authority | official-guidance | legal-service-information,SC03 | SC24 | SC25 | SC26 | SC22 | SC28,SRC001 | SRC006 | SRC044 | SRC017 | SRC045 | SRC004 | SRC005 | SRC051 | SRC052 | SRC022 | SRC031 | SRC034,"Authoritative passages plus official service guidance, with simplifications/limits labelled.",Live for current rights/process.,exception omitted | advice presented as certainty | accessibility/translation errors,"Explanation is accurate, scoped, readable, accessible and links to authoritative evidence.",False
P14-T18,P14,Legislator,legislature,T18,Identify institutional competence,binding-authority | legal-service-information,SC03 | SC24 | SC25 | SC26 | SC14 | SC30,SRC001 | SRC006 | SRC044 | SRC017 | SRC045 | SRC004 | SRC005 | SRC051 | SRC052 | SRC009 | SRC011 | SRC012,"Founding/empowering provisions, delegation, jurisdiction and temporal organisation identity.",Live for current bodies.,organisation page treated as power source | successor/predecessor confused | delegation missing,"Competence, delegation, review route and date are sourced.",False
P15-T01,P15,Policy official or Bill team,government,T01,Locate controlling authority,binding-authority,SC01 | SC03 | SC24 | SC25 | SC26 | SC09 | SC10,SRC001 | SRC002 | SRC007 | SRC006 | SRC044 | SRC017 | SRC045 | SRC004 | SRC005 | SRC051 | SRC052 | SRC009,Official work/case/rule identity plus selected passage and court/institutional competence.,Live verification at answer time for current advice; historical date fixed for retrospective research. Qualified human review is mandatory before consequential use.,topical but non-controlling source | later appeal or higher authority missed | guidance presented as law,"Controlling authority is identified, hierarchy and jurisdiction are stated, and every material proposition has a pinpoint.",True
P15-T02,P15,Policy official or Bill team,government,T02,Determine whether law is in force,binding-authority,SC01 | SC03 | SC24 | SC25 | SC26 | SC04 | SC05,SRC001 | SRC002 | SRC007 | SRC006 | SRC044 | SRC017 | SRC045 | SRC004 | SRC005 | SRC051 | SRC052 | SRC003,"Versioned legislation, commencement/effect records, extent and amendments with live official verification.",Zero tolerance for stale current-law answers. Qualified human review is mandatory before consequential use.,latest text confused with in-force text | unapplied effect ignored | commencement or savings omitted,"Answer states the relevant version, commencement, extent, amendments, savings and uncertainty.",True
P15-T03,P15,Policy official or Bill team,government,T03,Point-in-time and historical research,binding-authority | history,SC01 | SC03 | SC24 | SC25 | SC26 | SC04 | SC35,SRC001 | SRC002 | SRC007 | SRC006 | SRC044 | SRC017 | SRC045 | SRC004 | SRC005 | SRC051 | SRC052 | SRC015,"Dated expressions, amendment chronology, archived official material and source hashes.",Exact historical cut-off; later material segregated. Qualified human review is mandatory before consequential use.,anachronism | current consolidation substituted for historical text | archive date mistaken for legal date,A reproducible dated state and change chronology are supplied.,True
P15-T04,P15,Policy official or Bill team,government,T04,Territorial extent and jurisdiction,binding-authority | legal-service-information,SC01 | SC03 | SC24 | SC25 | SC26 | SC14 | SC30,SRC001 | SRC002 | SRC007 | SRC006 | SRC044 | SRC017 | SRC045 | SRC004 | SRC005 | SRC051 | SRC052 | SRC009,"Extent metadata, devolution/competence provisions, court or regulator jurisdiction sources.",Live for current competence; exact for historical jurisdiction. Qualified human review is mandatory before consequential use.,UK-wide assumption | extent confused with application | court/body identity conflated,"Territory, legal system, institutional competence and exceptions are explicit.",True
P15-T07,P15,Policy official or Bill team,government,T07,Construct a chronology,binding-authority | history | official-guidance,SC01 | SC03 | SC24 | SC25 | SC26 | SC04,SRC001 | SRC002 | SRC007 | SRC006 | SRC044 | SRC017 | SRC045 | SRC004 | SRC005 | SRC051 | SRC052,"Typed dated events with source identity, event date and publication/retrieval date separated.",Depends on task; current chronologies checked live. Qualified human review is mandatory before consequential use.,publication date confused with effective date | events silently omitted | time zones/version ambiguity,"A typed, source-backed chronology exposes gaps and conflicting dates.",True
P15-T08,P15,Policy official or Bill team,government,T08,Compare jurisdictions,binding-authority | procedural-material,SC01 | SC03 | SC24 | SC25 | SC26 | SC15,SRC001 | SRC002 | SRC007 | SRC006 | SRC044 | SRC017 | SRC045 | SRC004 | SRC005 | SRC051 | SRC052 | SRC018,Separate authoritative sources per jurisdiction with explicit non-equivalence.,Same effective date across compared systems. Qualified human review is mandatory before consequential use.,English rule generalised to UK | same label assumed same concept | asynchronous reform ignored,"Differences, commonalities, dates and institutional contexts are separately sourced.",True
P15-T11,P15,Policy official or Bill team,government,T11,"Prepare litigation, advice, policy, compliance or enforcement work",binding-authority | persuasive-authority | official-guidance,SC01 | SC03 | SC24 | SC25 | SC26 | SC09 | SC20,SRC001 | SRC002 | SRC007 | SRC006 | SRC044 | SRC017 | SRC045 | SRC004 | SRC005 | SRC051 | SRC052 | SRC009,"Authority-ranked source set, selected passages, adverse material, currency and assumptions.",Live before issue/decision. Qualified human review is mandatory before consequential use.,confirmation bias | material adverse source omitted | official guidance elevated above law,"Deliverable is reproducible, balanced and professionally reviewable.",True
P15-T12,P15,Policy official or Bill team,government,T12,Research legislative intent,history | binding-authority,SC01 | SC03 | SC24 | SC25 | SC26,SRC001 | SRC002 | SRC007 | SRC006 | SRC044 | SRC017 | SRC045 | SRC004 | SRC005 | SRC051 | SRC052,"Official Bill/stage documents, Hansard passages, explanatory notes and enacted text.",Historical source set fixed; later interpretation segregated. Qualified human review is mandatory before consequential use.,ministerial statement treated as law | wrong Bill version | selective quotation,History is connected to enacted provisions without overstating interpretive weight.,True
P15-T13,P15,Policy official or Bill team,government,T13,Monitor legal change,binding-authority | procedural-material | delegated-administrative-rules | official-guidance,SC01 | SC03 | SC24 | SC25 | SC26 | SC04 | SC21,SRC001 | SRC002 | SRC007 | SRC006 | SRC044 | SRC017 | SRC045 | SRC004 | SRC005 | SRC051 | SRC052 | SRC032,"Official feeds/logs, hashes, version differences and impact classification.",Source-specific service-level objective; critical sources daily or event-driven. Qualified human review is mandatory before consequential use.,silent source deletion | publication event missed | cosmetic change escalated as legal change,"Change event is detected, typed, evidenced, impact-assessed and reviewable.",True
P15-T15,P15,Policy official or Bill team,government,T15,Draft or check legal instruments,binding-authority | history | procedural-material,SC01 | SC03 | SC24 | SC25 | SC26 | SC02 | SC05,SRC001 | SRC002 | SRC007 | SRC006 | SRC044 | SRC017 | SRC045 | SRC004 | SRC005 | SRC051 | SRC052 | SRC047,"Enabling provisions, drafting guidance, precedents with status, current affected law and versioned draft.",Live at drafting/clearance milestones. Qualified human review is mandatory before consequential use.,wrong enabling power | defective cross-reference | extent/commencement mismatch,Each drafting proposition and dependency is traceable; human counsel approves.,True
P15-T16,P15,Policy official or Bill team,government,T16,Produce accessible public explanation,binding-authority | official-guidance | legal-service-information,SC01 | SC03 | SC24 | SC25 | SC26 | SC22 | SC28,SRC001 | SRC002 | SRC007 | SRC006 | SRC044 | SRC017 | SRC045 | SRC004 | SRC005 | SRC051 | SRC052 | SRC022,"Authoritative passages plus official service guidance, with simplifications/limits labelled.",Live for current rights/process. Qualified human review is mandatory before consequential use.,exception omitted | advice presented as certainty | accessibility/translation errors,"Explanation is accurate, scoped, readable, accessible and links to authoritative evidence.",True
P15-T18,P15,Policy official or Bill team,government,T18,Identify institutional competence,binding-authority | legal-service-information,SC01 | SC03 | SC24 | SC25 | SC26 | SC14 | SC30,SRC001 | SRC002 | SRC007 | SRC006 | SRC044 | SRC017 | SRC045 | SRC004 | SRC005 | SRC051 | SRC052 | SRC009,"Founding/empowering provisions, delegation, jurisdiction and temporal organisation identity.",Live for current bodies. Qualified human review is mandatory before consequential use.,organisation page treated as power source | successor/predecessor confused | delegation missing,"Competence, delegation, review route and date are sourced.",True
P16-T01,P16,Regulator,regulation,T01,Locate controlling authority,binding-authority,SC01 | SC20 | SC21 | SC22 | SC09 | SC10,SRC001 | SRC002 | SRC007 | SRC031 | SRC033 | SRC034 | SRC032 | SRC035 | SRC037 | SRC022 | SRC009 | SRC010,Official work/case/rule identity plus selected passage and court/institutional competence.,Live verification at answer time for current advice; historical date fixed for retrospective research. Qualified human review is mandatory before consequential use.,topical but non-controlling source | later appeal or higher authority missed | guidance presented as law,"Controlling authority is identified, hierarchy and jurisdiction are stated, and every material proposition has a pinpoint.",True
P16-T02,P16,Regulator,regulation,T02,Determine whether law is in force,binding-authority,SC01 | SC20 | SC21 | SC22 | SC04 | SC05,SRC001 | SRC002 | SRC007 | SRC031 | SRC033 | SRC034 | SRC032 | SRC035 | SRC037 | SRC022 | SRC004 | SRC003,"Versioned legislation, commencement/effect records, extent and amendments with live official verification.",Zero tolerance for stale current-law answers. Qualified human review is mandatory before consequential use.,latest text confused with in-force text | unapplied effect ignored | commencement or savings omitted,"Answer states the relevant version, commencement, extent, amendments, savings and uncertainty.",True
P16-T04,P16,Regulator,regulation,T04,Territorial extent and jurisdiction,binding-authority | legal-service-information,SC01 | SC20 | SC21 | SC22 | SC14 | SC30,SRC001 | SRC002 | SRC007 | SRC031 | SRC033 | SRC034 | SRC032 | SRC035 | SRC037 | SRC022 | SRC009 | SRC011,"Extent metadata, devolution/competence provisions, court or regulator jurisdiction sources.",Live for current competence; exact for historical jurisdiction. Qualified human review is mandatory before consequential use.,UK-wide assumption | extent confused with application | court/body identity conflated,"Territory, legal system, institutional competence and exceptions are explicit.",True
P16-T05,P16,Regulator,regulation,T05,"Trace amendments, commencement and repeal",binding-authority,SC01 | SC20 | SC21 | SC22 | SC05,SRC001 | SRC002 | SRC007 | SRC031 | SRC033 | SRC034 | SRC032 | SRC035 | SRC037 | SRC022 | SRC003 | SRC004,"Official effect feeds, amending instruments/provisions, commencement orders and selected passages.",Live verification at answer time. Qualified human review is mandatory before consequential use.,absence of recorded effect treated as no effect | prospective effect treated as operative | repeal savings omitted,Bidirectional change graph and current application status are evidenced.,True
P16-T06,P16,Regulator,regulation,T06,Identify judicial interpretation and treatment,binding-authority | persuasive-authority,SC01 | SC20 | SC21 | SC22 | SC09 | SC10 | SC13,SRC001 | SRC002 | SRC007 | SRC031 | SRC033 | SRC034 | SRC032 | SRC035 | SRC037 | SRC022 | SRC009 | SRC010,"Official judgments, cited passage, court hierarchy, later treatment and appeal status.",Live citator/treatment check before reliance. Qualified human review is mandatory before consequential use.,citation occurrence treated as approval | headnote substituted for judgment | later reversal missed,Treatment verbs are passage-evidenced and hierarchy/date qualified.,True
P16-T07,P16,Regulator,regulation,T07,Construct a chronology,binding-authority | history | official-guidance,SC01 | SC20 | SC21 | SC22 | SC24 | SC04,SRC001 | SRC002 | SRC007 | SRC031 | SRC033 | SRC034 | SRC032 | SRC035 | SRC037 | SRC022 | SRC017 | SRC044,"Typed dated events with source identity, event date and publication/retrieval date separated.",Depends on task; current chronologies checked live. Qualified human review is mandatory before consequential use.,publication date confused with effective date | events silently omitted | time zones/version ambiguity,"A typed, source-backed chronology exposes gaps and conflicting dates.",True
P16-T11,P16,Regulator,regulation,T11,"Prepare litigation, advice, policy, compliance or enforcement work",binding-authority | persuasive-authority | official-guidance,SC01 | SC20 | SC21 | SC22 | SC09,SRC001 | SRC002 | SRC007 | SRC031 | SRC033 | SRC034 | SRC032 | SRC035 | SRC037 | SRC022 | SRC009 | SRC010,"Authority-ranked source set, selected passages, adverse material, currency and assumptions.",Live before issue/decision. Qualified human review is mandatory before consequential use.,confirmation bias | material adverse source omitted | official guidance elevated above law,"Deliverable is reproducible, balanced and professionally reviewable.",True
P16-T13,P16,Regulator,regulation,T13,Monitor legal change,binding-authority | procedural-material | delegated-administrative-rules | official-guidance,SC01 | SC20 | SC21 | SC22 | SC04 | SC24,SRC001 | SRC002 | SRC007 | SRC031 | SRC033 | SRC034 | SRC032 | SRC035 | SRC037 | SRC022 | SRC004 | SRC017,"Official feeds/logs, hashes, version differences and impact classification.",Source-specific service-level objective; critical sources daily or event-driven. Qualified human review is mandatory before consequential use.,silent source deletion | publication event missed | cosmetic change escalated as legal change,"Change event is detected, typed, evidenced, impact-assessed and reviewable.",True
P16-T15,P16,Regulator,regulation,T15,Draft or check legal instruments,binding-authority | history | procedural-material,SC01 | SC20 | SC21 | SC22 | SC02 | SC03 | SC05,SRC001 | SRC002 | SRC007 | SRC031 | SRC033 | SRC034 | SRC032 | SRC035 | SRC037 | SRC022 | SRC047 | SRC006,"Enabling provisions, drafting guidance, precedents with status, current affected law and versioned draft.",Live at drafting/clearance milestones. Qualified human review is mandatory before consequential use.,wrong enabling power | defective cross-reference | extent/commencement mismatch,Each drafting proposition and dependency is traceable; human counsel approves.,True
P16-T18,P16,Regulator,regulation,T18,Identify institutional competence,binding-authority | legal-service-information,SC01 | SC20 | SC21 | SC22 | SC14 | SC30,SRC001 | SRC002 | SRC007 | SRC031 | SRC033 | SRC034 | SRC032 | SRC035 | SRC037 | SRC022 | SRC009 | SRC011,"Founding/empowering provisions, delegation, jurisdiction and temporal organisation identity.",Live for current bodies. Qualified human review is mandatory before consequential use.,organisation page treated as power source | successor/predecessor confused | delegation missing,"Competence, delegation, review route and date are sourced.",True
P16-T19,P16,Regulator,regulation,T19,Identify remedies and enforcement outcomes,binding-authority | procedural-material | delegated-administrative-rules | persuasive-authority,SC01 | SC20 | SC21 | SC22 | SC17 | SC23,SRC001 | SRC002 | SRC007 | SRC031 | SRC033 | SRC034 | SRC032 | SRC035 | SRC037 | SRC022 | SRC023 | SRC024,"Operative remedy provisions, procedure, official decisions/notices and appeal status.",Live for current remedies and routes. Qualified human review is mandatory before consequential use.,past outcome treated as guaranteed | appeal route missed | regulator summary substituted for notice,"Remedy conditions, forum, deadline, discretion and evidence are explicit.",True
P17-T01,P17,Inspector or enforcement officer,regulation,T01,Locate controlling authority,binding-authority,SC01 | SC19 | SC20 | SC21 | SC09 | SC10,SRC001 | SRC002 | SRC007 | SRC028 | SRC029 | SRC030 | SRC031 | SRC033 | SRC034 | SRC032 | SRC035 | SRC037,Official work/case/rule identity plus selected passage and court/institutional competence.,Live verification at answer time for current advice; historical date fixed for retrospective research. Qualified human review is mandatory before consequential use.,topical but non-controlling source | later appeal or higher authority missed | guidance presented as law,"Controlling authority is identified, hierarchy and jurisdiction are stated, and every material proposition has a pinpoint.",True
P17-T02,P17,Inspector or enforcement officer,regulation,T02,Determine whether law is in force,binding-authority,SC01 | SC19 | SC20 | SC21 | SC04 | SC05,SRC001 | SRC002 | SRC007 | SRC028 | SRC029 | SRC030 | SRC031 | SRC033 | SRC034 | SRC032 | SRC035 | SRC037,"Versioned legislation, commencement/effect records, extent and amendments with live official verification.",Zero tolerance for stale current-law answers. Qualified human review is mandatory before consequential use.,latest text confused with in-force text | unapplied effect ignored | commencement or savings omitted,"Answer states the relevant version, commencement, extent, amendments, savings and uncertainty.",True
P17-T04,P17,Inspector or enforcement officer,regulation,T04,Territorial extent and jurisdiction,binding-authority | legal-service-information,SC01 | SC19 | SC20 | SC21 | SC14 | SC30,SRC001 | SRC002 | SRC007 | SRC028 | SRC029 | SRC030 | SRC031 | SRC033 | SRC034 | SRC032 | SRC035 | SRC037,"Extent metadata, devolution/competence provisions, court or regulator jurisdiction sources.",Live for current competence; exact for historical jurisdiction. Qualified human review is mandatory before consequential use.,UK-wide assumption | extent confused with application | court/body identity conflated,"Territory, legal system, institutional competence and exceptions are explicit.",True
P17-T07,P17,Inspector or enforcement officer,regulation,T07,Construct a chronology,binding-authority | history | official-guidance,SC01 | SC19 | SC20 | SC21 | SC24 | SC04,SRC001 | SRC002 | SRC007 | SRC028 | SRC029 | SRC030 | SRC031 | SRC033 | SRC034 | SRC032 | SRC035 | SRC037,"Typed dated events with source identity, event date and publication/retrieval date separated.",Depends on task; current chronologies checked live. Qualified human review is mandatory before consequential use.,publication date confused with effective date | events silently omitted | time zones/version ambiguity,"A typed, source-backed chronology exposes gaps and conflicting dates.",True
P17-T09,P17,Inspector or enforcement officer,regulation,T09,Apply rules to facts,binding-authority | persuasive-authority,SC01 | SC19 | SC20 | SC21 | SC09,SRC001 | SRC002 | SRC007 | SRC028 | SRC029 | SRC030 | SRC031 | SRC033 | SRC034 | SRC032 | SRC035 | SRC037,"Controlling text/cases, issue-element mapping, stated factual assumptions and uncertainty.",Live for current advice; professional review required. Qualified human review is mandatory before consequential use.,facts invented | legal conclusion overconfident | discretion treated as rule,"Elements, exceptions, burdens and missing facts are mapped, with escalation.",True
P17-T10,P17,Inspector or enforcement officer,regulation,T10,"Find procedural steps, deadlines, forms and fees",procedural-material | binding-authority | legal-service-information,SC01 | SC19 | SC20 | SC21 | SC15 | SC16 | SC17,SRC001 | SRC002 | SRC007 | SRC028 | SRC029 | SRC030 | SRC031 | SRC033 | SRC034 | SRC032 | SRC035 | SRC037,Current rule/order/practice direction plus live form/fee/service verification.,Same-day/live verification before action. Qualified human review is mandatory before consequential use.,outdated form/fee | wrong forum | guidance deadline not checked against rule,Actionable steps cite the operative procedural passage and current service artefacts.,True
P17-T11,P17,Inspector or enforcement officer,regulation,T11,"Prepare litigation, advice, policy, compliance or enforcement work",binding-authority | persuasive-authority | official-guidance,SC01 | SC19 | SC20 | SC21 | SC09,SRC001 | SRC002 | SRC007 | SRC028 | SRC029 | SRC030 | SRC031 | SRC033 | SRC034 | SRC032 | SRC035 | SRC037,"Authority-ranked source set, selected passages, adverse material, currency and assumptions.",Live before issue/decision. Qualified human review is mandatory before consequential use.,confirmation bias | material adverse source omitted | official guidance elevated above law,"Deliverable is reproducible, balanced and professionally reviewable.",True
P17-T13,P17,Inspector or enforcement officer,regulation,T13,Monitor legal change,binding-authority | procedural-material | delegated-administrative-rules | official-guidance,SC01 | SC19 | SC20 | SC21 | SC04 | SC24,SRC001 | SRC002 | SRC007 | SRC028 | SRC029 | SRC030 | SRC031 | SRC033 | SRC034 | SRC032 | SRC035 | SRC037,"Official feeds/logs, hashes, version differences and impact classification.",Source-specific service-level objective; critical sources daily or event-driven. Qualified human review is mandatory before consequential use.,silent source deletion | publication event missed | cosmetic change escalated as legal change,"Change event is detected, typed, evidenced, impact-assessed and reviewable.",True
P17-T18,P17,Inspector or enforcement officer,regulation,T18,Identify institutional competence,binding-authority | legal-service-information,SC01 | SC19 | SC20 | SC21 | SC14 | SC30,SRC001 | SRC002 | SRC007 | SRC028 | SRC029 | SRC030 | SRC031 | SRC033 | SRC034 | SRC032 | SRC035 | SRC037,"Founding/empowering provisions, delegation, jurisdiction and temporal organisation identity.",Live for current bodies. Qualified human review is mandatory before consequential use.,organisation page treated as power source | successor/predecessor confused | delegation missing,"Competence, delegation, review route and date are sourced.",True
P17-T19,P17,Inspector or enforcement officer,regulation,T19,Identify remedies and enforcement outcomes,binding-authority | procedural-material | delegated-administrative-rules | persuasive-authority,SC01 | SC19 | SC20 | SC21 | SC17 | SC23,SRC001 | SRC002 | SRC007 | SRC028 | SRC029 | SRC030 | SRC031 | SRC033 | SRC034 | SRC032 | SRC035 | SRC037,"Operative remedy provisions, procedure, official decisions/notices and appeal status.",Live for current remedies and routes. Qualified human review is mandatory before consequential use.,past outcome treated as guaranteed | appeal route missed | regulator summary substituted for notice,"Remedy conditions, forum, deadline, discretion and evidence are explicit.",True
P18-T01,P18,Police or investigator,criminal-justice,T01,Locate controlling authority,binding-authority,SC01 | SC09 | SC15 | SC19 | SC10,SRC001 | SRC002 | SRC007 | SRC009 | SRC010 | SRC011 | SRC018 | SRC019 | SRC020 | SRC028 | SRC029 | SRC030,Official work/case/rule identity plus selected passage and court/institutional competence.,Live verification at answer time for current advice; historical date fixed for retrospective research. Qualified human review is mandatory before consequential use.,topical but non-controlling source | later appeal or higher authority missed | guidance presented as law,"Controlling authority is identified, hierarchy and jurisdiction are stated, and every material proposition has a pinpoint.",True
P18-T02,P18,Police or investigator,criminal-justice,T02,Determine whether law is in force,binding-authority,SC01 | SC09 | SC15 | SC19 | SC04 | SC05,SRC001 | SRC002 | SRC007 | SRC009 | SRC010 | SRC011 | SRC018 | SRC019 | SRC020 | SRC028 | SRC029 | SRC030,"Versioned legislation, commencement/effect records, extent and amendments with live official verification.",Zero tolerance for stale current-law answers. Qualified human review is mandatory before consequential use.,latest text confused with in-force text | unapplied effect ignored | commencement or savings omitted,"Answer states the relevant version, commencement, extent, amendments, savings and uncertainty.",True
P18-T04,P18,Police or investigator,criminal-justice,T04,Territorial extent and jurisdiction,binding-authority | legal-service-information,SC01 | SC09 | SC15 | SC19 | SC14 | SC30,SRC001 | SRC002 | SRC007 | SRC009 | SRC010 | SRC011 | SRC018 | SRC019 | SRC020 | SRC028 | SRC029 | SRC030,"Extent metadata, devolution/competence provisions, court or regulator jurisdiction sources.",Live for current competence; exact for historical jurisdiction. Qualified human review is mandatory before consequential use.,UK-wide assumption | extent confused with application | court/body identity conflated,"Territory, legal system, institutional competence and exceptions are explicit.",True
P18-T07,P18,Police or investigator,criminal-justice,T07,Construct a chronology,binding-authority | history | official-guidance,SC01 | SC09 | SC15 | SC19 | SC24 | SC04,SRC001 | SRC002 | SRC007 | SRC009 | SRC010 | SRC011 | SRC018 | SRC019 | SRC020 | SRC028 | SRC029 | SRC030,"Typed dated events with source identity, event date and publication/retrieval date separated.",Depends on task; current chronologies checked live. Qualified human review is mandatory before consequential use.,publication date confused with effective date | events silently omitted | time zones/version ambiguity,"A typed, source-backed chronology exposes gaps and conflicting dates.",True
P18-T09,P18,Police or investigator,criminal-justice,T09,Apply rules to facts,binding-authority | persuasive-authority,SC01 | SC09 | SC15 | SC19,SRC001 | SRC002 | SRC007 | SRC009 | SRC010 | SRC011 | SRC018 | SRC019 | SRC020 | SRC028 | SRC029 | SRC030,"Controlling text/cases, issue-element mapping, stated factual assumptions and uncertainty.",Live for current advice; professional review required. Qualified human review is mandatory before consequential use.,facts invented | legal conclusion overconfident | discretion treated as rule,"Elements, exceptions, burdens and missing facts are mapped, with escalation.",True
P18-T10,P18,Police or investigator,criminal-justice,T10,"Find procedural steps, deadlines, forms and fees",procedural-material | binding-authority | legal-service-information,SC01 | SC09 | SC15 | SC19 | SC16 | SC17,SRC001 | SRC002 | SRC007 | SRC009 | SRC010 | SRC011 | SRC018 | SRC019 | SRC020 | SRC028 | SRC029 | SRC030,Current rule/order/practice direction plus live form/fee/service verification.,Same-day/live verification before action. Qualified human review is mandatory before consequential use.,outdated form/fee | wrong forum | guidance deadline not checked against rule,Actionable steps cite the operative procedural passage and current service artefacts.,True
P18-T11,P18,Police or investigator,criminal-justice,T11,"Prepare litigation, advice, policy, compliance or enforcement work",binding-authority | persuasive-authority | official-guidance,SC01 | SC09 | SC15 | SC19 | SC20,SRC001 | SRC002 | SRC007 | SRC009 | SRC010 | SRC011 | SRC018 | SRC019 | SRC020 | SRC028 | SRC029 | SRC030,"Authority-ranked source set, selected passages, adverse material, currency and assumptions.",Live before issue/decision. Qualified human review is mandatory before consequential use.,confirmation bias | material adverse source omitted | official guidance elevated above law,"Deliverable is reproducible, balanced and professionally reviewable.",True
P18-T17,P18,Police or investigator,criminal-justice,T17,Audit an AI-generated legal answer,binding-authority | persuasive-authority | procedural-material,SC01 | SC09 | SC15 | SC19,SRC001 | SRC002 | SRC007 | SRC009 | SRC010 | SRC011 | SRC018 | SRC019 | SRC020 | SRC028 | SRC029 | SRC030,"Proposition-to-citation ledger, source hashes, version context and coverage declaration.",Re-verify all material current-law propositions. Qualified human review is mandatory before consequential use.,invented citation | citation does not support proposition | hidden retrieval gap,"Every material proposition is supported, classified and risk-rated; hard failures cap the answer.",True
P18-T18,P18,Police or investigator,criminal-justice,T18,Identify institutional competence,binding-authority | legal-service-information,SC01 | SC09 | SC15 | SC19 | SC14 | SC30,SRC001 | SRC002 | SRC007 | SRC009 | SRC010 | SRC011 | SRC018 | SRC019 | SRC020 | SRC028 | SRC029 | SRC030,"Founding/empowering provisions, delegation, jurisdiction and temporal organisation identity.",Live for current bodies. Qualified human review is mandatory before consequential use.,organisation page treated as power source | successor/predecessor confused | delegation missing,"Competence, delegation, review route and date are sourced.",True
P18-T19,P18,Police or investigator,criminal-justice,T19,Identify remedies and enforcement outcomes,binding-authority | procedural-material | delegated-administrative-rules | persuasive-authority,SC01 | SC09 | SC15 | SC19 | SC17 | SC21 | SC23,SRC001 | SRC002 | SRC007 | SRC009 | SRC010 | SRC011 | SRC018 | SRC019 | SRC020 | SRC028 | SRC029 | SRC030,"Operative remedy provisions, procedure, official decisions/notices and appeal status.",Live for current remedies and routes. Qualified human review is mandatory before consequential use.,past outcome treated as guaranteed | appeal route missed | regulator summary substituted for notice,"Remedy conditions, forum, deadline, discretion and evidence are explicit.",True
P19-T01,P19,Local-authority lawyer,local-government,T01,Locate controlling authority,binding-authority,SC01 | SC02 | SC07 | SC09 | SC23 | SC10,SRC001 | SRC002 | SRC007 | SRC047 | SRC060 | SRC009 | SRC010 | SRC011 | SRC037 | SRC040 | SRC041 | SRC012,Official work/case/rule identity plus selected passage and court/institutional competence.,Live verification at answer time for current advice; historical date fixed for retrospective research. Qualified human review is mandatory before consequential use.,topical but non-controlling source | later appeal or higher authority missed | guidance presented as law,"Controlling authority is identified, hierarchy and jurisdiction are stated, and every material proposition has a pinpoint.",True
P19-T02,P19,Local-authority lawyer,local-government,T02,Determine whether law is in force,binding-authority,SC01 | SC02 | SC07 | SC09 | SC23 | SC04 | SC05,SRC001 | SRC002 | SRC007 | SRC047 | SRC060 | SRC009 | SRC010 | SRC011 | SRC037 | SRC040 | SRC041 | SRC004,"Versioned legislation, commencement/effect records, extent and amendments with live official verification.",Zero tolerance for stale current-law answers. Qualified human review is mandatory before consequential use.,latest text confused with in-force text | unapplied effect ignored | commencement or savings omitted,"Answer states the relevant version, commencement, extent, amendments, savings and uncertainty.",True
P19-T03,P19,Local-authority lawyer,local-government,T03,Point-in-time and historical research,binding-authority | history,SC01 | SC02 | SC07 | SC09 | SC23 | SC04 | SC35,SRC001 | SRC002 | SRC007 | SRC047 | SRC060 | SRC009 | SRC010 | SRC011 | SRC037 | SRC040 | SRC041 | SRC004,"Dated expressions, amendment chronology, archived official material and source hashes.",Exact historical cut-off; later material segregated. Qualified human review is mandatory before consequential use.,anachronism | current consolidation substituted for historical text | archive date mistaken for legal date,A reproducible dated state and change chronology are supplied.,True
P19-T04,P19,Local-authority lawyer,local-government,T04,Territorial extent and jurisdiction,binding-authority | legal-service-information,SC01 | SC02 | SC07 | SC09 | SC23 | SC14 | SC30,SRC001 | SRC002 | SRC007 | SRC047 | SRC060 | SRC009 | SRC010 | SRC011 | SRC037 | SRC040 | SRC041 | SRC012,"Extent metadata, devolution/competence provisions, court or regulator jurisdiction sources.",Live for current competence; exact for historical jurisdiction. Qualified human review is mandatory before consequential use.,UK-wide assumption | extent confused with application | court/body identity conflated,"Territory, legal system, institutional competence and exceptions are explicit.",True
P19-T05,P19,Local-authority lawyer,local-government,T05,"Trace amendments, commencement and repeal",binding-authority,SC01 | SC02 | SC07 | SC09 | SC23 | SC05,SRC001 | SRC002 | SRC007 | SRC047 | SRC060 | SRC009 | SRC010 | SRC011 | SRC037 | SRC040 | SRC041 | SRC003,"Official effect feeds, amending instruments/provisions, commencement orders and selected passages.",Live verification at answer time. Qualified human review is mandatory before consequential use.,absence of recorded effect treated as no effect | prospective effect treated as operative | repeal savings omitted,Bidirectional change graph and current application status are evidenced.,True
P19-T06,P19,Local-authority lawyer,local-government,T06,Identify judicial interpretation and treatment,binding-authority | persuasive-authority,SC01 | SC02 | SC07 | SC09 | SC23 | SC10 | SC13,SRC001 | SRC002 | SRC007 | SRC047 | SRC060 | SRC009 | SRC010 | SRC011 | SRC037 | SRC040 | SRC041 | SRC012,"Official judgments, cited passage, court hierarchy, later treatment and appeal status.",Live citator/treatment check before reliance. Qualified human review is mandatory before consequential use.,citation occurrence treated as approval | headnote substituted for judgment | later reversal missed,Treatment verbs are passage-evidenced and hierarchy/date qualified.,True
P19-T07,P19,Local-authority lawyer,local-government,T07,Construct a chronology,binding-authority | history | official-guidance,SC01 | SC02 | SC07 | SC09 | SC23 | SC24 | SC04,SRC001 | SRC002 | SRC007 | SRC047 | SRC060 | SRC009 | SRC010 | SRC011 | SRC037 | SRC040 | SRC041 | SRC017,"Typed dated events with source identity, event date and publication/retrieval date separated.",Depends on task; current chronologies checked live. Qualified human review is mandatory before consequential use.,publication date confused with effective date | events silently omitted | time zones/version ambiguity,"A typed, source-backed chronology exposes gaps and conflicting dates.",True
P19-T10,P19,Local-authority lawyer,local-government,T10,"Find procedural steps, deadlines, forms and fees",procedural-material | binding-authority | legal-service-information,SC01 | SC02 | SC07 | SC09 | SC23 | SC15 | SC16 | SC17,SRC001 | SRC002 | SRC007 | SRC047 | SRC060 | SRC009 | SRC010 | SRC011 | SRC037 | SRC040 | SRC041 | SRC018,Current rule/order/practice direction plus live form/fee/service verification.,Same-day/live verification before action. Qualified human review is mandatory before consequential use.,outdated form/fee | wrong forum | guidance deadline not checked against rule,Actionable steps cite the operative procedural passage and current service artefacts.,True
P19-T11,P19,Local-authority lawyer,local-government,T11,"Prepare litigation, advice, policy, compliance or enforcement work",binding-authority | persuasive-authority | official-guidance,SC01 | SC02 | SC07 | SC09 | SC23 | SC20,SRC001 | SRC002 | SRC007 | SRC047 | SRC060 | SRC009 | SRC010 | SRC011 | SRC037 | SRC040 | SRC041 | SRC031,"Authority-ranked source set, selected passages, adverse material, currency and assumptions.",Live before issue/decision. Qualified human review is mandatory before consequential use.,confirmation bias | material adverse source omitted | official guidance elevated above law,"Deliverable is reproducible, balanced and professionally reviewable.",True
P19-T13,P19,Local-authority lawyer,local-government,T13,Monitor legal change,binding-authority | procedural-material | delegated-administrative-rules | official-guidance,SC01 | SC02 | SC07 | SC09 | SC23 | SC04 | SC21 | SC24,SRC001 | SRC002 | SRC007 | SRC047 | SRC060 | SRC009 | SRC010 | SRC011 | SRC037 | SRC040 | SRC041 | SRC004,"Official feeds/logs, hashes, version differences and impact classification.",Source-specific service-level objective; critical sources daily or event-driven. Qualified human review is mandatory before consequential use.,silent source deletion | publication event missed | cosmetic change escalated as legal change,"Change event is detected, typed, evidenced, impact-assessed and reviewable.",True
P19-T15,P19,Local-authority lawyer,local-government,T15,Draft or check legal instruments,binding-authority | history | procedural-material,SC01 | SC02 | SC07 | SC09 | SC23 | SC03 | SC05,SRC001 | SRC002 | SRC007 | SRC047 | SRC060 | SRC009 | SRC010 | SRC011 | SRC037 | SRC040 | SRC041 | SRC006,"Enabling provisions, drafting guidance, precedents with status, current affected law and versioned draft.",Live at drafting/clearance milestones. Qualified human review is mandatory before consequential use.,wrong enabling power | defective cross-reference | extent/commencement mismatch,Each drafting proposition and dependency is traceable; human counsel approves.,True
P19-T18,P19,Local-authority lawyer,local-government,T18,Identify institutional competence,binding-authority | legal-service-information,SC01 | SC02 | SC07 | SC09 | SC23 | SC14 | SC30,SRC001 | SRC002 | SRC007 | SRC047 | SRC060 | SRC009 | SRC010 | SRC011 | SRC037 | SRC040 | SRC041 | SRC012,"Founding/empowering provisions, delegation, jurisdiction and temporal organisation identity.",Live for current bodies. Qualified human review is mandatory before consequential use.,organisation page treated as power source | successor/predecessor confused | delegation missing,"Competence, delegation, review route and date are sourced.",True
P19-T19,P19,Local-authority lawyer,local-government,T19,Identify remedies and enforcement outcomes,binding-authority | procedural-material | delegated-administrative-rules | persuasive-authority,SC01 | SC02 | SC07 | SC09 | SC23 | SC17 | SC21,SRC001 | SRC002 | SRC007 | SRC047 | SRC060 | SRC009 | SRC010 | SRC011 | SRC037 | SRC040 | SRC041 | SRC023,"Operative remedy provisions, procedure, official decisions/notices and appeal status.",Live for current remedies and routes. Qualified human review is mandatory before consequential use.,past outcome treated as guaranteed | appeal route missed | regulator summary substituted for notice,"Remedy conditions, forum, deadline, discretion and evidence are explicit.",True
P20-T02,P20,Local-authority operational officer,local-government,T02,Determine whether law is in force,binding-authority,SC01 | SC02 | SC07 | SC22 | SC23 | SC04 | SC05,SRC001 | SRC002 | SRC007 | SRC047 | SRC060 | SRC022 | SRC031 | SRC034 | SRC037 | SRC040 | SRC041 | SRC004,"Versioned legislation, commencement/effect records, extent and amendments with live official verification.",Zero tolerance for stale current-law answers.,latest text confused with in-force text | unapplied effect ignored | commencement or savings omitted,"Answer states the relevant version, commencement, extent, amendments, savings and uncertainty.",True
P20-T04,P20,Local-authority operational officer,local-government,T04,Territorial extent and jurisdiction,binding-authority | legal-service-information,SC01 | SC02 | SC07 | SC22 | SC23 | SC14 | SC30,SRC001 | SRC002 | SRC007 | SRC047 | SRC060 | SRC022 | SRC031 | SRC034 | SRC037 | SRC040 | SRC041 | SRC009,"Extent metadata, devolution/competence provisions, court or regulator jurisdiction sources.",Live for current competence; exact for historical jurisdiction.,UK-wide assumption | extent confused with application | court/body identity conflated,"Territory, legal system, institutional competence and exceptions are explicit.",False
P20-T07,P20,Local-authority operational officer,local-government,T07,Construct a chronology,binding-authority | history | official-guidance,SC01 | SC02 | SC07 | SC22 | SC23 | SC24 | SC04,SRC001 | SRC002 | SRC007 | SRC047 | SRC060 | SRC022 | SRC031 | SRC034 | SRC037 | SRC040 | SRC041 | SRC017,"Typed dated events with source identity, event date and publication/retrieval date separated.",Depends on task; current chronologies checked live.,publication date confused with effective date | events silently omitted | time zones/version ambiguity,"A typed, source-backed chronology exposes gaps and conflicting dates.",False
P20-T09,P20,Local-authority operational officer,local-government,T09,Apply rules to facts,binding-authority | persuasive-authority,SC01 | SC02 | SC07 | SC22 | SC23 | SC09,SRC001 | SRC002 | SRC007 | SRC047 | SRC060 | SRC022 | SRC031 | SRC034 | SRC037 | SRC040 | SRC041 | SRC009,"Controlling text/cases, issue-element mapping, stated factual assumptions and uncertainty.",Live for current advice; professional review required.,facts invented | legal conclusion overconfident | discretion treated as rule,"Elements, exceptions, burdens and missing facts are mapped, with escalation.",True
P20-T10,P20,Local-authority operational officer,local-government,T10,"Find procedural steps, deadlines, forms and fees",procedural-material | binding-authority | legal-service-information,SC01 | SC02 | SC07 | SC22 | SC23 | SC15 | SC16 | SC17,SRC001 | SRC002 | SRC007 | SRC047 | SRC060 | SRC022 | SRC031 | SRC034 | SRC037 | SRC040 | SRC041 | SRC018,Current rule/order/practice direction plus live form/fee/service verification.,Same-day/live verification before action.,outdated form/fee | wrong forum | guidance deadline not checked against rule,Actionable steps cite the operative procedural passage and current service artefacts.,True
P20-T13,P20,Local-authority operational officer,local-government,T13,Monitor legal change,binding-authority | procedural-material | delegated-administrative-rules | official-guidance,SC01 | SC02 | SC07 | SC22 | SC23 | SC04 | SC21 | SC24,SRC001 | SRC002 | SRC007 | SRC047 | SRC060 | SRC022 | SRC031 | SRC034 | SRC037 | SRC040 | SRC041 | SRC004,"Official feeds/logs, hashes, version differences and impact classification.",Source-specific service-level objective; critical sources daily or event-driven.,silent source deletion | publication event missed | cosmetic change escalated as legal change,"Change event is detected, typed, evidenced, impact-assessed and reviewable.",False
P20-T16,P20,Local-authority operational officer,local-government,T16,Produce accessible public explanation,binding-authority | official-guidance | legal-service-information,SC01 | SC02 | SC07 | SC22 | SC23 | SC28,SRC001 | SRC002 | SRC007 | SRC047 | SRC060 | SRC022 | SRC031 | SRC034 | SRC037 | SRC040 | SRC041 | SRC061,"Authoritative passages plus official service guidance, with simplifications/limits labelled.",Live for current rights/process.,exception omitted | advice presented as certainty | accessibility/translation errors,"Explanation is accurate, scoped, readable, accessible and links to authoritative evidence.",False
P20-T18,P20,Local-authority operational officer,local-government,T18,Identify institutional competence,binding-authority | legal-service-information,SC01 | SC02 | SC07 | SC22 | SC23 | SC14 | SC30,SRC001 | SRC002 | SRC007 | SRC047 | SRC060 | SRC022 | SRC031 | SRC034 | SRC037 | SRC040 | SRC041 | SRC009,"Founding/empowering provisions, delegation, jurisdiction and temporal organisation identity.",Live for current bodies.,organisation page treated as power source | successor/predecessor confused | delegation missing,"Competence, delegation, review route and date are sourced.",False
P20-T19,P20,Local-authority operational officer,local-government,T19,Identify remedies and enforcement outcomes,binding-authority | procedural-material | delegated-administrative-rules | persuasive-authority,SC01 | SC02 | SC07 | SC22 | SC23 | SC17 | SC21,SRC001 | SRC002 | SRC007 | SRC047 | SRC060 | SRC022 | SRC031 | SRC034 | SRC037 | SRC040 | SRC041 | SRC023,"Operative remedy provisions, procedure, official decisions/notices and appeal status.",Live for current remedies and routes.,past outcome treated as guaranteed | appeal route missed | regulator summary substituted for notice,"Remedy conditions, forum, deadline, discretion and evidence are explicit.",True
P21-T01,P21,In-house counsel,legal-practice,T01,Locate controlling authority,binding-authority,SC01 | SC09 | SC20 | SC21 | SC10,SRC001 | SRC002 | SRC007 | SRC009 | SRC010 | SRC011 | SRC031 | SRC033 | SRC034 | SRC032 | SRC035 | SRC037,Official work/case/rule identity plus selected passage and court/institutional competence.,Live verification at answer time for current advice; historical date fixed for retrospective research. Qualified human review is mandatory before consequential use.,topical but non-controlling source | later appeal or higher authority missed | guidance presented as law,"Controlling authority is identified, hierarchy and jurisdiction are stated, and every material proposition has a pinpoint.",True
P21-T02,P21,In-house counsel,legal-practice,T02,Determine whether law is in force,binding-authority,SC01 | SC09 | SC20 | SC21 | SC04 | SC05,SRC001 | SRC002 | SRC007 | SRC009 | SRC010 | SRC011 | SRC031 | SRC033 | SRC034 | SRC032 | SRC035 | SRC037,"Versioned legislation, commencement/effect records, extent and amendments with live official verification.",Zero tolerance for stale current-law answers. Qualified human review is mandatory before consequential use.,latest text confused with in-force text | unapplied effect ignored | commencement or savings omitted,"Answer states the relevant version, commencement, extent, amendments, savings and uncertainty.",True
P21-T04,P21,In-house counsel,legal-practice,T04,Territorial extent and jurisdiction,binding-authority | legal-service-information,SC01 | SC09 | SC20 | SC21 | SC14 | SC30,SRC001 | SRC002 | SRC007 | SRC009 | SRC010 | SRC011 | SRC031 | SRC033 | SRC034 | SRC032 | SRC035 | SRC037,"Extent metadata, devolution/competence provisions, court or regulator jurisdiction sources.",Live for current competence; exact for historical jurisdiction. Qualified human review is mandatory before consequential use.,UK-wide assumption | extent confused with application | court/body identity conflated,"Territory, legal system, institutional competence and exceptions are explicit.",True
P21-T05,P21,In-house counsel,legal-practice,T05,"Trace amendments, commencement and repeal",binding-authority,SC01 | SC09 | SC20 | SC21 | SC05,SRC001 | SRC002 | SRC007 | SRC009 | SRC010 | SRC011 | SRC031 | SRC033 | SRC034 | SRC032 | SRC035 | SRC037,"Official effect feeds, amending instruments/provisions, commencement orders and selected passages.",Live verification at answer time. Qualified human review is mandatory before consequential use.,absence of recorded effect treated as no effect | prospective effect treated as operative | repeal savings omitted,Bidirectional change graph and current application status are evidenced.,True
P21-T06,P21,In-house counsel,legal-practice,T06,Identify judicial interpretation and treatment,binding-authority | persuasive-authority,SC01 | SC09 | SC20 | SC21 | SC10 | SC13,SRC001 | SRC002 | SRC007 | SRC009 | SRC010 | SRC011 | SRC031 | SRC033 | SRC034 | SRC032 | SRC035 | SRC037,"Official judgments, cited passage, court hierarchy, later treatment and appeal status.",Live citator/treatment check before reliance. Qualified human review is mandatory before consequential use.,citation occurrence treated as approval | headnote substituted for judgment | later reversal missed,Treatment verbs are passage-evidenced and hierarchy/date qualified.,True
P21-T09,P21,In-house counsel,legal-practice,T09,Apply rules to facts,binding-authority | persuasive-authority,SC01 | SC09 | SC20 | SC21,SRC001 | SRC002 | SRC007 | SRC009 | SRC010 | SRC011 | SRC031 | SRC033 | SRC034 | SRC032 | SRC035 | SRC037,"Controlling text/cases, issue-element mapping, stated factual assumptions and uncertainty.",Live for current advice; professional review required. Qualified human review is mandatory before consequential use.,facts invented | legal conclusion overconfident | discretion treated as rule,"Elements, exceptions, burdens and missing facts are mapped, with escalation.",True
P21-T11,P21,In-house counsel,legal-practice,T11,"Prepare litigation, advice, policy, compliance or enforcement work",binding-authority | persuasive-authority | official-guidance,SC01 | SC09 | SC20 | SC21,SRC001 | SRC002 | SRC007 | SRC009 | SRC010 | SRC011 | SRC031 | SRC033 | SRC034 | SRC032 | SRC035 | SRC037,"Authority-ranked source set, selected passages, adverse material, currency and assumptions.",Live before issue/decision. Qualified human review is mandatory before consequential use.,confirmation bias | material adverse source omitted | official guidance elevated above law,"Deliverable is reproducible, balanced and professionally reviewable.",True
P21-T13,P21,In-house counsel,legal-practice,T13,Monitor legal change,binding-authority | procedural-material | delegated-administrative-rules | official-guidance,SC01 | SC09 | SC20 | SC21 | SC04 | SC24,SRC001 | SRC002 | SRC007 | SRC009 | SRC010 | SRC011 | SRC031 | SRC033 | SRC034 | SRC032 | SRC035 | SRC037,"Official feeds/logs, hashes, version differences and impact classification.",Source-specific service-level objective; critical sources daily or event-driven. Qualified human review is mandatory before consequential use.,silent source deletion | publication event missed | cosmetic change escalated as legal change,"Change event is detected, typed, evidenced, impact-assessed and reviewable.",True
P21-T17,P21,In-house counsel,legal-practice,T17,Audit an AI-generated legal answer,binding-authority | persuasive-authority | procedural-material,SC01 | SC09 | SC20 | SC21,SRC001 | SRC002 | SRC007 | SRC009 | SRC010 | SRC011 | SRC031 | SRC033 | SRC034 | SRC032 | SRC035 | SRC037,"Proposition-to-citation ledger, source hashes, version context and coverage declaration.",Re-verify all material current-law propositions. Qualified human review is mandatory before consequential use.,invented citation | citation does not support proposition | hidden retrieval gap,"Every material proposition is supported, classified and risk-rated; hard failures cap the answer.",True
P21-T19,P21,In-house counsel,legal-practice,T19,Identify remedies and enforcement outcomes,binding-authority | procedural-material | delegated-administrative-rules | persuasive-authority,SC01 | SC09 | SC20 | SC21 | SC17 | SC23,SRC001 | SRC002 | SRC007 | SRC009 | SRC010 | SRC011 | SRC031 | SRC033 | SRC034 | SRC032 | SRC035 | SRC037,"Operative remedy provisions, procedure, official decisions/notices and appeal status.",Live for current remedies and routes. Qualified human review is mandatory before consequential use.,past outcome treated as guaranteed | appeal route missed | regulator summary substituted for notice,"Remedy conditions, forum, deadline, discretion and evidence are explicit.",True
P22-T01,P22,"Compliance, risk or governance professional",business,T01,Locate controlling authority,binding-authority,SC01 | SC20 | SC21 | SC22 | SC09 | SC10,SRC001 | SRC002 | SRC007 | SRC031 | SRC033 | SRC034 | SRC032 | SRC035 | SRC037 | SRC022 | SRC009 | SRC010,Official work/case/rule identity plus selected passage and court/institutional competence.,Live verification at answer time for current advice; historical date fixed for retrospective research.,topical but non-controlling source | later appeal or higher authority missed | guidance presented as law,"Controlling authority is identified, hierarchy and jurisdiction are stated, and every material proposition has a pinpoint.",False
P22-T02,P22,"Compliance, risk or governance professional",business,T02,Determine whether law is in force,binding-authority,SC01 | SC20 | SC21 | SC22 | SC04 | SC05,SRC001 | SRC002 | SRC007 | SRC031 | SRC033 | SRC034 | SRC032 | SRC035 | SRC037 | SRC022 | SRC004 | SRC003,"Versioned legislation, commencement/effect records, extent and amendments with live official verification.",Zero tolerance for stale current-law answers.,latest text confused with in-force text | unapplied effect ignored | commencement or savings omitted,"Answer states the relevant version, commencement, extent, amendments, savings and uncertainty.",True
P22-T04,P22,"Compliance, risk or governance professional",business,T04,Territorial extent and jurisdiction,binding-authority | legal-service-information,SC01 | SC20 | SC21 | SC22 | SC14 | SC30,SRC001 | SRC002 | SRC007 | SRC031 | SRC033 | SRC034 | SRC032 | SRC035 | SRC037 | SRC022 | SRC009 | SRC011,"Extent metadata, devolution/competence provisions, court or regulator jurisdiction sources.",Live for current competence; exact for historical jurisdiction.,UK-wide assumption | extent confused with application | court/body identity conflated,"Territory, legal system, institutional competence and exceptions are explicit.",False
P22-T07,P22,"Compliance, risk or governance professional",business,T07,Construct a chronology,binding-authority | history | official-guidance,SC01 | SC20 | SC21 | SC22 | SC24 | SC04,SRC001 | SRC002 | SRC007 | SRC031 | SRC033 | SRC034 | SRC032 | SRC035 | SRC037 | SRC022 | SRC017 | SRC044,"Typed dated events with source identity, event date and publication/retrieval date separated.",Depends on task; current chronologies checked live.,publication date confused with effective date | events silently omitted | time zones/version ambiguity,"A typed, source-backed chronology exposes gaps and conflicting dates.",False
P22-T09,P22,"Compliance, risk or governance professional",business,T09,Apply rules to facts,binding-authority | persuasive-authority,SC01 | SC20 | SC21 | SC22 | SC09,SRC001 | SRC002 | SRC007 | SRC031 | SRC033 | SRC034 | SRC032 | SRC035 | SRC037 | SRC022 | SRC009 | SRC010,"Controlling text/cases, issue-element mapping, stated factual assumptions and uncertainty.",Live for current advice; professional review required.,facts invented | legal conclusion overconfident | discretion treated as rule,"Elements, exceptions, burdens and missing facts are mapped, with escalation.",True
P22-T11,P22,"Compliance, risk or governance professional",business,T11,"Prepare litigation, advice, policy, compliance or enforcement work",binding-authority | persuasive-authority | official-guidance,SC01 | SC20 | SC21 | SC22 | SC09,SRC001 | SRC002 | SRC007 | SRC031 | SRC033 | SRC034 | SRC032 | SRC035 | SRC037 | SRC022 | SRC009 | SRC010,"Authority-ranked source set, selected passages, adverse material, currency and assumptions.",Live before issue/decision.,confirmation bias | material adverse source omitted | official guidance elevated above law,"Deliverable is reproducible, balanced and professionally reviewable.",True
P22-T13,P22,"Compliance, risk or governance professional",business,T13,Monitor legal change,binding-authority | procedural-material | delegated-administrative-rules | official-guidance,SC01 | SC20 | SC21 | SC22 | SC04 | SC24,SRC001 | SRC002 | SRC007 | SRC031 | SRC033 | SRC034 | SRC032 | SRC035 | SRC037 | SRC022 | SRC004 | SRC017,"Official feeds/logs, hashes, version differences and impact classification.",Source-specific service-level objective; critical sources daily or event-driven.,silent source deletion | publication event missed | cosmetic change escalated as legal change,"Change event is detected, typed, evidenced, impact-assessed and reviewable.",False
P22-T16,P22,"Compliance, risk or governance professional",business,T16,Produce accessible public explanation,binding-authority | official-guidance | legal-service-information,SC01 | SC20 | SC21 | SC22 | SC28,SRC001 | SRC002 | SRC007 | SRC031 | SRC033 | SRC034 | SRC032 | SRC035 | SRC037 | SRC022 | SRC061 | SRC062,"Authoritative passages plus official service guidance, with simplifications/limits labelled.",Live for current rights/process.,exception omitted | advice presented as certainty | accessibility/translation errors,"Explanation is accurate, scoped, readable, accessible and links to authoritative evidence.",False
P22-T17,P22,"Compliance, risk or governance professional",business,T17,Audit an AI-generated legal answer,binding-authority | persuasive-authority | procedural-material,SC01 | SC20 | SC21 | SC22 | SC09,SRC001 | SRC002 | SRC007 | SRC031 | SRC033 | SRC034 | SRC032 | SRC035 | SRC037 | SRC022 | SRC009 | SRC010,"Proposition-to-citation ledger, source hashes, version context and coverage declaration.",Re-verify all material current-law propositions.,invented citation | citation does not support proposition | hidden retrieval gap,"Every material proposition is supported, classified and risk-rated; hard failures cap the answer.",True
P22-T18,P22,"Compliance, risk or governance professional",business,T18,Identify institutional competence,binding-authority | legal-service-information,SC01 | SC20 | SC21 | SC22 | SC14 | SC30,SRC001 | SRC002 | SRC007 | SRC031 | SRC033 | SRC034 | SRC032 | SRC035 | SRC037 | SRC022 | SRC009 | SRC011,"Founding/empowering provisions, delegation, jurisdiction and temporal organisation identity.",Live for current bodies.,organisation page treated as power source | successor/predecessor confused | delegation missing,"Competence, delegation, review route and date are sourced.",False
P22-T19,P22,"Compliance, risk or governance professional",business,T19,Identify remedies and enforcement outcomes,binding-authority | procedural-material | delegated-administrative-rules | persuasive-authority,SC01 | SC20 | SC21 | SC22 | SC17 | SC23,SRC001 | SRC002 | SRC007 | SRC031 | SRC033 | SRC034 | SRC032 | SRC035 | SRC037 | SRC022 | SRC023 | SRC024,"Operative remedy provisions, procedure, official decisions/notices and appeal status.",Live for current remedies and routes.,past outcome treated as guaranteed | appeal route missed | regulator summary substituted for notice,"Remedy conditions, forum, deadline, discretion and evidence are explicit.",True
P23-T01,P23,Legal-aid or advice worker,public-advice,T01,Locate controlling authority,binding-authority,SC01 | SC17 | SC28 | SC09 | SC10,SRC001 | SRC002 | SRC007 | SRC023 | SRC024 | SRC026 | SRC061 | SRC062 | SRC063 | SRC009 | SRC010 | SRC011,Official work/case/rule identity plus selected passage and court/institutional competence.,Live verification at answer time for current advice; historical date fixed for retrospective research. Qualified human review is mandatory before consequential use.,topical but non-controlling source | later appeal or higher authority missed | guidance presented as law,"Controlling authority is identified, hierarchy and jurisdiction are stated, and every material proposition has a pinpoint.",True
P23-T02,P23,Legal-aid or advice worker,public-advice,T02,Determine whether law is in force,binding-authority,SC01 | SC17 | SC28 | SC04 | SC05,SRC001 | SRC002 | SRC007 | SRC023 | SRC024 | SRC026 | SRC061 | SRC062 | SRC063 | SRC004 | SRC003,"Versioned legislation, commencement/effect records, extent and amendments with live official verification.",Zero tolerance for stale current-law answers. Qualified human review is mandatory before consequential use.,latest text confused with in-force text | unapplied effect ignored | commencement or savings omitted,"Answer states the relevant version, commencement, extent, amendments, savings and uncertainty.",True
P23-T04,P23,Legal-aid or advice worker,public-advice,T04,Territorial extent and jurisdiction,binding-authority | legal-service-information,SC01 | SC17 | SC28 | SC14 | SC30,SRC001 | SRC002 | SRC007 | SRC023 | SRC024 | SRC026 | SRC061 | SRC062 | SRC063 | SRC009 | SRC011 | SRC012,"Extent metadata, devolution/competence provisions, court or regulator jurisdiction sources.",Live for current competence; exact for historical jurisdiction. Qualified human review is mandatory before consequential use.,UK-wide assumption | extent confused with application | court/body identity conflated,"Territory, legal system, institutional competence and exceptions are explicit.",True
P23-T09,P23,Legal-aid or advice worker,public-advice,T09,Apply rules to facts,binding-authority | persuasive-authority,SC01 | SC17 | SC28 | SC09,SRC001 | SRC002 | SRC007 | SRC023 | SRC024 | SRC026 | SRC061 | SRC062 | SRC063 | SRC009 | SRC010 | SRC011,"Controlling text/cases, issue-element mapping, stated factual assumptions and uncertainty.",Live for current advice; professional review required. Qualified human review is mandatory before consequential use.,facts invented | legal conclusion overconfident | discretion treated as rule,"Elements, exceptions, burdens and missing facts are mapped, with escalation.",True
P23-T10,P23,Legal-aid or advice worker,public-advice,T10,"Find procedural steps, deadlines, forms and fees",procedural-material | binding-authority | legal-service-information,SC01 | SC17 | SC28 | SC15 | SC16,SRC001 | SRC002 | SRC007 | SRC023 | SRC024 | SRC026 | SRC061 | SRC062 | SRC063 | SRC018 | SRC019 | SRC020,Current rule/order/practice direction plus live form/fee/service verification.,Same-day/live verification before action. Qualified human review is mandatory before consequential use.,outdated form/fee | wrong forum | guidance deadline not checked against rule,Actionable steps cite the operative procedural passage and current service artefacts.,True
P23-T16,P23,Legal-aid or advice worker,public-advice,T16,Produce accessible public explanation,binding-authority | official-guidance | legal-service-information,SC01 | SC17 | SC28 | SC22,SRC001 | SRC002 | SRC007 | SRC023 | SRC024 | SRC026 | SRC061 | SRC062 | SRC063 | SRC022 | SRC031 | SRC034,"Authoritative passages plus official service guidance, with simplifications/limits labelled.",Live for current rights/process. Qualified human review is mandatory before consequential use.,exception omitted | advice presented as certainty | accessibility/translation errors,"Explanation is accurate, scoped, readable, accessible and links to authoritative evidence.",True
P23-T17,P23,Legal-aid or advice worker,public-advice,T17,Audit an AI-generated legal answer,binding-authority | persuasive-authority | procedural-material,SC01 | SC17 | SC28 | SC09,SRC001 | SRC002 | SRC007 | SRC023 | SRC024 | SRC026 | SRC061 | SRC062 | SRC063 | SRC009 | SRC010 | SRC011,"Proposition-to-citation ledger, source hashes, version context and coverage declaration.",Re-verify all material current-law propositions. Qualified human review is mandatory before consequential use.,invented citation | citation does not support proposition | hidden retrieval gap,"Every material proposition is supported, classified and risk-rated; hard failures cap the answer.",True
P23-T19,P23,Legal-aid or advice worker,public-advice,T19,Identify remedies and enforcement outcomes,binding-authority | procedural-material | delegated-administrative-rules | persuasive-authority,SC01 | SC17 | SC28 | SC21 | SC23,SRC001 | SRC002 | SRC007 | SRC023 | SRC024 | SRC026 | SRC061 | SRC062 | SRC063 | SRC032 | SRC035 | SRC037,"Operative remedy provisions, procedure, official decisions/notices and appeal status.",Live for current remedies and routes. Qualified human review is mandatory before consequential use.,past outcome treated as guaranteed | appeal route missed | regulator summary substituted for notice,"Remedy conditions, forum, deadline, discretion and evidence are explicit.",True
P24-T01,P24,Civil-society or human-rights advocate,civil-society,T01,Locate controlling authority,binding-authority,SC01 | SC09 | SC24 | SC33 | SC10,SRC001 | SRC002 | SRC007 | SRC009 | SRC010 | SRC011 | SRC017 | SRC044 | SRC045 | SRC058 | SRC012,Official work/case/rule identity plus selected passage and court/institutional competence.,Live verification at answer time for current advice; historical date fixed for retrospective research.,topical but non-controlling source | later appeal or higher authority missed | guidance presented as law,"Controlling authority is identified, hierarchy and jurisdiction are stated, and every material proposition has a pinpoint.",False
P24-T02,P24,Civil-society or human-rights advocate,civil-society,T02,Determine whether law is in force,binding-authority,SC01 | SC09 | SC24 | SC33 | SC04 | SC05,SRC001 | SRC002 | SRC007 | SRC009 | SRC010 | SRC011 | SRC017 | SRC044 | SRC045 | SRC058 | SRC004 | SRC003,"Versioned legislation, commencement/effect records, extent and amendments with live official verification.",Zero tolerance for stale current-law answers.,latest text confused with in-force text | unapplied effect ignored | commencement or savings omitted,"Answer states the relevant version, commencement, extent, amendments, savings and uncertainty.",True
P24-T03,P24,Civil-society or human-rights advocate,civil-society,T03,Point-in-time and historical research,binding-authority | history,SC01 | SC09 | SC24 | SC33 | SC04 | SC35,SRC001 | SRC002 | SRC007 | SRC009 | SRC010 | SRC011 | SRC017 | SRC044 | SRC045 | SRC058 | SRC004 | SRC015,"Dated expressions, amendment chronology, archived official material and source hashes.",Exact historical cut-off; later material segregated.,anachronism | current consolidation substituted for historical text | archive date mistaken for legal date,A reproducible dated state and change chronology are supplied.,False
P24-T04,P24,Civil-society or human-rights advocate,civil-society,T04,Territorial extent and jurisdiction,binding-authority | legal-service-information,SC01 | SC09 | SC24 | SC33 | SC14 | SC30,SRC001 | SRC002 | SRC007 | SRC009 | SRC010 | SRC011 | SRC017 | SRC044 | SRC045 | SRC058 | SRC012 | SRC067,"Extent metadata, devolution/competence provisions, court or regulator jurisdiction sources.",Live for current competence; exact for historical jurisdiction.,UK-wide assumption | extent confused with application | court/body identity conflated,"Territory, legal system, institutional competence and exceptions are explicit.",False
P24-T06,P24,Civil-society or human-rights advocate,civil-society,T06,Identify judicial interpretation and treatment,binding-authority | persuasive-authority,SC01 | SC09 | SC24 | SC33 | SC10 | SC13,SRC001 | SRC002 | SRC007 | SRC009 | SRC010 | SRC011 | SRC017 | SRC044 | SRC045 | SRC058 | SRC012 | SRC068,"Official judgments, cited passage, court hierarchy, later treatment and appeal status.",Live citator/treatment check before reliance.,citation occurrence treated as approval | headnote substituted for judgment | later reversal missed,Treatment verbs are passage-evidenced and hierarchy/date qualified.,False
P24-T07,P24,Civil-society or human-rights advocate,civil-society,T07,Construct a chronology,binding-authority | history | official-guidance,SC01 | SC09 | SC24 | SC33 | SC04,SRC001 | SRC002 | SRC007 | SRC009 | SRC010 | SRC011 | SRC017 | SRC044 | SRC045 | SRC058 | SRC004,"Typed dated events with source identity, event date and publication/retrieval date separated.",Depends on task; current chronologies checked live.,publication date confused with effective date | events silently omitted | time zones/version ambiguity,"A typed, source-backed chronology exposes gaps and conflicting dates.",False
P24-T08,P24,Civil-society or human-rights advocate,civil-society,T08,Compare jurisdictions,binding-authority | procedural-material,SC01 | SC09 | SC24 | SC33 | SC15,SRC001 | SRC002 | SRC007 | SRC009 | SRC010 | SRC011 | SRC017 | SRC044 | SRC045 | SRC058 | SRC018 | SRC019,Separate authoritative sources per jurisdiction with explicit non-equivalence.,Same effective date across compared systems.,English rule generalised to UK | same label assumed same concept | asynchronous reform ignored,"Differences, commonalities, dates and institutional contexts are separately sourced.",False
P24-T11,P24,Civil-society or human-rights advocate,civil-society,T11,"Prepare litigation, advice, policy, compliance or enforcement work",binding-authority | persuasive-authority | official-guidance,SC01 | SC09 | SC24 | SC33 | SC20,SRC001 | SRC002 | SRC007 | SRC009 | SRC010 | SRC011 | SRC017 | SRC044 | SRC045 | SRC058 | SRC031 | SRC033,"Authority-ranked source set, selected passages, adverse material, currency and assumptions.",Live before issue/decision.,confirmation bias | material adverse source omitted | official guidance elevated above law,"Deliverable is reproducible, balanced and professionally reviewable.",True
P24-T13,P24,Civil-society or human-rights advocate,civil-society,T13,Monitor legal change,binding-authority | procedural-material | delegated-administrative-rules | official-guidance,SC01 | SC09 | SC24 | SC33 | SC04 | SC21,SRC001 | SRC002 | SRC007 | SRC009 | SRC010 | SRC011 | SRC017 | SRC044 | SRC045 | SRC058 | SRC004 | SRC032,"Official feeds/logs, hashes, version differences and impact classification.",Source-specific service-level objective; critical sources daily or event-driven.,silent source deletion | publication event missed | cosmetic change escalated as legal change,"Change event is detected, typed, evidenced, impact-assessed and reviewable.",False
P24-T16,P24,Civil-society or human-rights advocate,civil-society,T16,Produce accessible public explanation,binding-authority | official-guidance | legal-service-information,SC01 | SC09 | SC24 | SC33 | SC22 | SC28,SRC001 | SRC002 | SRC007 | SRC009 | SRC010 | SRC011 | SRC017 | SRC044 | SRC045 | SRC058 | SRC022 | SRC031,"Authoritative passages plus official service guidance, with simplifications/limits labelled.",Live for current rights/process.,exception omitted | advice presented as certainty | accessibility/translation errors,"Explanation is accurate, scoped, readable, accessible and links to authoritative evidence.",False
P24-T17,P24,Civil-society or human-rights advocate,civil-society,T17,Audit an AI-generated legal answer,binding-authority | persuasive-authority | procedural-material,SC01 | SC09 | SC24 | SC33,SRC001 | SRC002 | SRC007 | SRC009 | SRC010 | SRC011 | SRC017 | SRC044 | SRC045 | SRC058,"Proposition-to-citation ledger, source hashes, version context and coverage declaration.",Re-verify all material current-law propositions.,invented citation | citation does not support proposition | hidden retrieval gap,"Every material proposition is supported, classified and risk-rated; hard failures cap the answer.",True
P24-T19,P24,Civil-society or human-rights advocate,civil-society,T19,Identify remedies and enforcement outcomes,binding-authority | procedural-material | delegated-administrative-rules | persuasive-authority,SC01 | SC09 | SC24 | SC33 | SC17 | SC21 | SC23,SRC001 | SRC002 | SRC007 | SRC009 | SRC010 | SRC011 | SRC017 | SRC044 | SRC045 | SRC058 | SRC023 | SRC024,"Operative remedy provisions, procedure, official decisions/notices and appeal status.",Live for current remedies and routes.,past outcome treated as guaranteed | appeal route missed | regulator summary substituted for notice,"Remedy conditions, forum, deadline, discretion and evidence are explicit.",True
P25-T01,P25,Mediator,dispute-resolution,T01,Locate controlling authority,binding-authority,SC01 | SC09 | SC15 | SC10,SRC001 | SRC002 | SRC007 | SRC009 | SRC010 | SRC011 | SRC018 | SRC019 | SRC020 | SRC012,Official work/case/rule identity plus selected passage and court/institutional competence.,Live verification at answer time for current advice; historical date fixed for retrospective research.,topical but non-controlling source | later appeal or higher authority missed | guidance presented as law,"Controlling authority is identified, hierarchy and jurisdiction are stated, and every material proposition has a pinpoint.",False
P25-T02,P25,Mediator,dispute-resolution,T02,Determine whether law is in force,binding-authority,SC01 | SC09 | SC15 | SC04 | SC05,SRC001 | SRC002 | SRC007 | SRC009 | SRC010 | SRC011 | SRC018 | SRC019 | SRC020 | SRC004 | SRC003,"Versioned legislation, commencement/effect records, extent and amendments with live official verification.",Zero tolerance for stale current-law answers.,latest text confused with in-force text | unapplied effect ignored | commencement or savings omitted,"Answer states the relevant version, commencement, extent, amendments, savings and uncertainty.",True
P25-T04,P25,Mediator,dispute-resolution,T04,Territorial extent and jurisdiction,binding-authority | legal-service-information,SC01 | SC09 | SC15 | SC14 | SC30,SRC001 | SRC002 | SRC007 | SRC009 | SRC010 | SRC011 | SRC018 | SRC019 | SRC020 | SRC012 | SRC067 | SRC072,"Extent metadata, devolution/competence provisions, court or regulator jurisdiction sources.",Live for current competence; exact for historical jurisdiction.,UK-wide assumption | extent confused with application | court/body identity conflated,"Territory, legal system, institutional competence and exceptions are explicit.",False
P25-T09,P25,Mediator,dispute-resolution,T09,Apply rules to facts,binding-authority | persuasive-authority,SC01 | SC09 | SC15,SRC001 | SRC002 | SRC007 | SRC009 | SRC010 | SRC011 | SRC018 | SRC019 | SRC020,"Controlling text/cases, issue-element mapping, stated factual assumptions and uncertainty.",Live for current advice; professional review required.,facts invented | legal conclusion overconfident | discretion treated as rule,"Elements, exceptions, burdens and missing facts are mapped, with escalation.",True
P25-T10,P25,Mediator,dispute-resolution,T10,"Find procedural steps, deadlines, forms and fees",procedural-material | binding-authority | legal-service-information,SC01 | SC09 | SC15 | SC16 | SC17,SRC001 | SRC002 | SRC007 | SRC009 | SRC010 | SRC011 | SRC018 | SRC019 | SRC020 | SRC023 | SRC024 | SRC026,Current rule/order/practice direction plus live form/fee/service verification.,Same-day/live verification before action.,outdated form/fee | wrong forum | guidance deadline not checked against rule,Actionable steps cite the operative procedural passage and current service artefacts.,True
P25-T16,P25,Mediator,dispute-resolution,T16,Produce accessible public explanation,binding-authority | official-guidance | legal-service-information,SC01 | SC09 | SC15 | SC22 | SC28,SRC001 | SRC002 | SRC007 | SRC009 | SRC010 | SRC011 | SRC018 | SRC019 | SRC020 | SRC022 | SRC031 | SRC034,"Authoritative passages plus official service guidance, with simplifications/limits labelled.",Live for current rights/process.,exception omitted | advice presented as certainty | accessibility/translation errors,"Explanation is accurate, scoped, readable, accessible and links to authoritative evidence.",False
P25-T19,P25,Mediator,dispute-resolution,T19,Identify remedies and enforcement outcomes,binding-authority | procedural-material | delegated-administrative-rules | persuasive-authority,SC01 | SC09 | SC15 | SC17 | SC21 | SC23,SRC001 | SRC002 | SRC007 | SRC009 | SRC010 | SRC011 | SRC018 | SRC019 | SRC020 | SRC023 | SRC024 | SRC026,"Operative remedy provisions, procedure, official decisions/notices and appeal status.",Live for current remedies and routes.,past outcome treated as guaranteed | appeal route missed | regulator summary substituted for notice,"Remedy conditions, forum, deadline, discretion and evidence are explicit.",True
P26-T01,P26,Arbitrator,dispute-resolution,T01,Locate controlling authority,binding-authority,SC01 | SC09 | SC15 | SC36 | SC10,SRC001 | SRC002 | SRC007 | SRC009 | SRC010 | SRC011 | SRC018 | SRC019 | SRC020 | SRC015 | SRC068 | SRC069,Official work/case/rule identity plus selected passage and court/institutional competence.,Live verification at answer time for current advice; historical date fixed for retrospective research. Qualified human review is mandatory before consequential use.,topical but non-controlling source | later appeal or higher authority missed | guidance presented as law,"Controlling authority is identified, hierarchy and jurisdiction are stated, and every material proposition has a pinpoint.",True
P26-T02,P26,Arbitrator,dispute-resolution,T02,Determine whether law is in force,binding-authority,SC01 | SC09 | SC15 | SC36 | SC04 | SC05,SRC001 | SRC002 | SRC007 | SRC009 | SRC010 | SRC011 | SRC018 | SRC019 | SRC020 | SRC015 | SRC068 | SRC069,"Versioned legislation, commencement/effect records, extent and amendments with live official verification.",Zero tolerance for stale current-law answers. Qualified human review is mandatory before consequential use.,latest text confused with in-force text | unapplied effect ignored | commencement or savings omitted,"Answer states the relevant version, commencement, extent, amendments, savings and uncertainty.",True
P26-T03,P26,Arbitrator,dispute-resolution,T03,Point-in-time and historical research,binding-authority | history,SC01 | SC09 | SC15 | SC36 | SC04 | SC35,SRC001 | SRC002 | SRC007 | SRC009 | SRC010 | SRC011 | SRC018 | SRC019 | SRC020 | SRC015 | SRC068 | SRC069,"Dated expressions, amendment chronology, archived official material and source hashes.",Exact historical cut-off; later material segregated. Qualified human review is mandatory before consequential use.,anachronism | current consolidation substituted for historical text | archive date mistaken for legal date,A reproducible dated state and change chronology are supplied.,True
P26-T04,P26,Arbitrator,dispute-resolution,T04,Territorial extent and jurisdiction,binding-authority | legal-service-information,SC01 | SC09 | SC15 | SC36 | SC14 | SC30,SRC001 | SRC002 | SRC007 | SRC009 | SRC010 | SRC011 | SRC018 | SRC019 | SRC020 | SRC015 | SRC068 | SRC069,"Extent metadata, devolution/competence provisions, court or regulator jurisdiction sources.",Live for current competence; exact for historical jurisdiction. Qualified human review is mandatory before consequential use.,UK-wide assumption | extent confused with application | court/body identity conflated,"Territory, legal system, institutional competence and exceptions are explicit.",True
P26-T06,P26,Arbitrator,dispute-resolution,T06,Identify judicial interpretation and treatment,binding-authority | persuasive-authority,SC01 | SC09 | SC15 | SC36 | SC10 | SC13,SRC001 | SRC002 | SRC007 | SRC009 | SRC010 | SRC011 | SRC018 | SRC019 | SRC020 | SRC015 | SRC068 | SRC069,"Official judgments, cited passage, court hierarchy, later treatment and appeal status.",Live citator/treatment check before reliance. Qualified human review is mandatory before consequential use.,citation occurrence treated as approval | headnote substituted for judgment | later reversal missed,Treatment verbs are passage-evidenced and hierarchy/date qualified.,True
P26-T09,P26,Arbitrator,dispute-resolution,T09,Apply rules to facts,binding-authority | persuasive-authority,SC01 | SC09 | SC15 | SC36,SRC001 | SRC002 | SRC007 | SRC009 | SRC010 | SRC011 | SRC018 | SRC019 | SRC020 | SRC015 | SRC068 | SRC069,"Controlling text/cases, issue-element mapping, stated factual assumptions and uncertainty.",Live for current advice; professional review required. Qualified human review is mandatory before consequential use.,facts invented | legal conclusion overconfident | discretion treated as rule,"Elements, exceptions, burdens and missing facts are mapped, with escalation.",True
P26-T10,P26,Arbitrator,dispute-resolution,T10,"Find procedural steps, deadlines, forms and fees",procedural-material | binding-authority | legal-service-information,SC01 | SC09 | SC15 | SC36 | SC16 | SC17,SRC001 | SRC002 | SRC007 | SRC009 | SRC010 | SRC011 | SRC018 | SRC019 | SRC020 | SRC015 | SRC068 | SRC069,Current rule/order/practice direction plus live form/fee/service verification.,Same-day/live verification before action. Qualified human review is mandatory before consequential use.,outdated form/fee | wrong forum | guidance deadline not checked against rule,Actionable steps cite the operative procedural passage and current service artefacts.,True
P26-T11,P26,Arbitrator,dispute-resolution,T11,"Prepare litigation, advice, policy, compliance or enforcement work",binding-authority | persuasive-authority | official-guidance,SC01 | SC09 | SC15 | SC36 | SC20,SRC001 | SRC002 | SRC007 | SRC009 | SRC010 | SRC011 | SRC018 | SRC019 | SRC020 | SRC015 | SRC068 | SRC069,"Authority-ranked source set, selected passages, adverse material, currency and assumptions.",Live before issue/decision. Qualified human review is mandatory before consequential use.,confirmation bias | material adverse source omitted | official guidance elevated above law,"Deliverable is reproducible, balanced and professionally reviewable.",True
P26-T17,P26,Arbitrator,dispute-resolution,T17,Audit an AI-generated legal answer,binding-authority | persuasive-authority | procedural-material,SC01 | SC09 | SC15 | SC36,SRC001 | SRC002 | SRC007 | SRC009 | SRC010 | SRC011 | SRC018 | SRC019 | SRC020 | SRC015 | SRC068 | SRC069,"Proposition-to-citation ledger, source hashes, version context and coverage declaration.",Re-verify all material current-law propositions. Qualified human review is mandatory before consequential use.,invented citation | citation does not support proposition | hidden retrieval gap,"Every material proposition is supported, classified and risk-rated; hard failures cap the answer.",True
P26-T19,P26,Arbitrator,dispute-resolution,T19,Identify remedies and enforcement outcomes,binding-authority | procedural-material | delegated-administrative-rules | persuasive-authority,SC01 | SC09 | SC15 | SC36 | SC17 | SC21 | SC23,SRC001 | SRC002 | SRC007 | SRC009 | SRC010 | SRC011 | SRC018 | SRC019 | SRC020 | SRC015 | SRC068 | SRC069,"Operative remedy provisions, procedure, official decisions/notices and appeal status.",Live for current remedies and routes. Qualified human review is mandatory before consequential use.,past outcome treated as guaranteed | appeal route missed | regulator summary substituted for notice,"Remedy conditions, forum, deadline, discretion and evidence are explicit.",True
P27-T01,P27,Legal academic,research,T01,Locate controlling authority,binding-authority,SC01 | SC09 | SC24 | SC26 | SC35 | SC10,SRC001 | SRC002 | SRC007 | SRC009 | SRC010 | SRC011 | SRC017 | SRC044 | SRC045 | SRC051 | SRC052 | SRC015,Official work/case/rule identity plus selected passage and court/institutional competence.,Live verification at answer time for current advice; historical date fixed for retrospective research.,topical but non-controlling source | later appeal or higher authority missed | guidance presented as law,"Controlling authority is identified, hierarchy and jurisdiction are stated, and every material proposition has a pinpoint.",False
P27-T03,P27,Legal academic,research,T03,Point-in-time and historical research,binding-authority | history,SC01 | SC09 | SC24 | SC26 | SC35 | SC04,SRC001 | SRC002 | SRC007 | SRC009 | SRC010 | SRC011 | SRC017 | SRC044 | SRC045 | SRC051 | SRC052 | SRC015,"Dated expressions, amendment chronology, archived official material and source hashes.",Exact historical cut-off; later material segregated.,anachronism | current consolidation substituted for historical text | archive date mistaken for legal date,A reproducible dated state and change chronology are supplied.,False
P27-T04,P27,Legal academic,research,T04,Territorial extent and jurisdiction,binding-authority | legal-service-information,SC01 | SC09 | SC24 | SC26 | SC35 | SC14 | SC30,SRC001 | SRC002 | SRC007 | SRC009 | SRC010 | SRC011 | SRC017 | SRC044 | SRC045 | SRC051 | SRC052 | SRC015,"Extent metadata, devolution/competence provisions, court or regulator jurisdiction sources.",Live for current competence; exact for historical jurisdiction.,UK-wide assumption | extent confused with application | court/body identity conflated,"Territory, legal system, institutional competence and exceptions are explicit.",False
P27-T05,P27,Legal academic,research,T05,"Trace amendments, commencement and repeal",binding-authority,SC01 | SC09 | SC24 | SC26 | SC35 | SC05,SRC001 | SRC002 | SRC007 | SRC009 | SRC010 | SRC011 | SRC017 | SRC044 | SRC045 | SRC051 | SRC052 | SRC015,"Official effect feeds, amending instruments/provisions, commencement orders and selected passages.",Live verification at answer time.,absence of recorded effect treated as no effect | prospective effect treated as operative | repeal savings omitted,Bidirectional change graph and current application status are evidenced.,False
P27-T06,P27,Legal academic,research,T06,Identify judicial interpretation and treatment,binding-authority | persuasive-authority,SC01 | SC09 | SC24 | SC26 | SC35 | SC10 | SC13,SRC001 | SRC002 | SRC007 | SRC009 | SRC010 | SRC011 | SRC017 | SRC044 | SRC045 | SRC051 | SRC052 | SRC015,"Official judgments, cited passage, court hierarchy, later treatment and appeal status.",Live citator/treatment check before reliance.,citation occurrence treated as approval | headnote substituted for judgment | later reversal missed,Treatment verbs are passage-evidenced and hierarchy/date qualified.,False
P27-T07,P27,Legal academic,research,T07,Construct a chronology,binding-authority | history | official-guidance,SC01 | SC09 | SC24 | SC26 | SC35 | SC04,SRC001 | SRC002 | SRC007 | SRC009 | SRC010 | SRC011 | SRC017 | SRC044 | SRC045 | SRC051 | SRC052 | SRC015,"Typed dated events with source identity, event date and publication/retrieval date separated.",Depends on task; current chronologies checked live.,publication date confused with effective date | events silently omitted | time zones/version ambiguity,"A typed, source-backed chronology exposes gaps and conflicting dates.",False
P27-T08,P27,Legal academic,research,T08,Compare jurisdictions,binding-authority | procedural-material,SC01 | SC09 | SC24 | SC26 | SC35 | SC15,SRC001 | SRC002 | SRC007 | SRC009 | SRC010 | SRC011 | SRC017 | SRC044 | SRC045 | SRC051 | SRC052 | SRC015,Separate authoritative sources per jurisdiction with explicit non-equivalence.,Same effective date across compared systems.,English rule generalised to UK | same label assumed same concept | asynchronous reform ignored,"Differences, commonalities, dates and institutional contexts are separately sourced.",False
P27-T12,P27,Legal academic,research,T12,Research legislative intent,history | binding-authority,SC01 | SC09 | SC24 | SC26 | SC35 | SC03 | SC25,SRC001 | SRC002 | SRC007 | SRC009 | SRC010 | SRC011 | SRC017 | SRC044 | SRC045 | SRC051 | SRC052 | SRC015,"Official Bill/stage documents, Hansard passages, explanatory notes and enacted text.",Historical source set fixed; later interpretation segregated.,ministerial statement treated as law | wrong Bill version | selective quotation,History is connected to enacted provisions without overstating interpretive weight.,False
P27-T14,P27,Legal academic,research,T14,Quantitative or corpus analysis,binding-authority | history | contextual-material,SC01 | SC09 | SC24 | SC26 | SC35,SRC001 | SRC002 | SRC007 | SRC009 | SRC010 | SRC011 | SRC017 | SRC044 | SRC045 | SRC051 | SRC052 | SRC015,"Licensed corpus, denominator, extraction rules, code/version, missingness and uncertainty.",Snapshot date fixed and disclosed.,licence breach | selection bias | database absence treated as real-world absence,Analysis is reproducible and limitations follow from an auditable coverage ledger.,False
P27-T17,P27,Legal academic,research,T17,Audit an AI-generated legal answer,binding-authority | persuasive-authority | procedural-material,SC01 | SC09 | SC24 | SC26 | SC35,SRC001 | SRC002 | SRC007 | SRC009 | SRC010 | SRC011 | SRC017 | SRC044 | SRC045 | SRC051 | SRC052 | SRC015,"Proposition-to-citation ledger, source hashes, version context and coverage declaration.",Re-verify all material current-law propositions.,invented citation | citation does not support proposition | hidden retrieval gap,"Every material proposition is supported, classified and risk-rated; hard failures cap the answer.",True
P27-T20,P27,Legal academic,research,T20,Verify citation and identity,binding-authority | history | legal-service-information,SC01 | SC09 | SC24 | SC26 | SC35 | SC12 | SC14 | SC30,SRC001 | SRC002 | SRC007 | SRC009 | SRC010 | SRC011 | SRC017 | SRC044 | SRC045 | SRC051 | SRC052 | SRC015,"Source-native identifiers, exact/qualified mappings, issuer and temporal identity.",Identity mapping versioned; live where institutions/citations evolve.,fuzzy match asserted as sameAs | parallel citations collapsed | wrong version joined,"Identity decision has mapping type, confidence, evidence and unresolved conflicts.",False
P28-T03,P28,Empirical legal researcher,research,T03,Point-in-time and historical research,binding-authority | history,SC09 | SC10 | SC21 | SC23 | SC24 | SC04 | SC35,SRC009 | SRC010 | SRC011 | SRC012 | SRC032 | SRC035 | SRC037 | SRC040 | SRC041 | SRC017 | SRC044 | SRC045,"Dated expressions, amendment chronology, archived official material and source hashes.",Exact historical cut-off; later material segregated.,anachronism | current consolidation substituted for historical text | archive date mistaken for legal date,A reproducible dated state and change chronology are supplied.,False
P28-T04,P28,Empirical legal researcher,research,T04,Territorial extent and jurisdiction,binding-authority | legal-service-information,SC09 | SC10 | SC21 | SC23 | SC24 | SC14 | SC30,SRC009 | SRC010 | SRC011 | SRC012 | SRC032 | SRC035 | SRC037 | SRC040 | SRC041 | SRC017 | SRC044 | SRC045,"Extent metadata, devolution/competence provisions, court or regulator jurisdiction sources.",Live for current competence; exact for historical jurisdiction.,UK-wide assumption | extent confused with application | court/body identity conflated,"Territory, legal system, institutional competence and exceptions are explicit.",False
P28-T07,P28,Empirical legal researcher,research,T07,Construct a chronology,binding-authority | history | official-guidance,SC09 | SC10 | SC21 | SC23 | SC24 | SC04,SRC009 | SRC010 | SRC011 | SRC012 | SRC032 | SRC035 | SRC037 | SRC040 | SRC041 | SRC017 | SRC044 | SRC045,"Typed dated events with source identity, event date and publication/retrieval date separated.",Depends on task; current chronologies checked live.,publication date confused with effective date | events silently omitted | time zones/version ambiguity,"A typed, source-backed chronology exposes gaps and conflicting dates.",False
P28-T08,P28,Empirical legal researcher,research,T08,Compare jurisdictions,binding-authority | procedural-material,SC09 | SC10 | SC21 | SC23 | SC24 | SC01 | SC15,SRC009 | SRC010 | SRC011 | SRC012 | SRC032 | SRC035 | SRC037 | SRC040 | SRC041 | SRC017 | SRC044 | SRC045,Separate authoritative sources per jurisdiction with explicit non-equivalence.,Same effective date across compared systems.,English rule generalised to UK | same label assumed same concept | asynchronous reform ignored,"Differences, commonalities, dates and institutional contexts are separately sourced.",False
P28-T13,P28,Empirical legal researcher,research,T13,Monitor legal change,binding-authority | procedural-material | delegated-administrative-rules | official-guidance,SC09 | SC10 | SC21 | SC23 | SC24 | SC04,SRC009 | SRC010 | SRC011 | SRC012 | SRC032 | SRC035 | SRC037 | SRC040 | SRC041 | SRC017 | SRC044 | SRC045,"Official feeds/logs, hashes, version differences and impact classification.",Source-specific service-level objective; critical sources daily or event-driven.,silent source deletion | publication event missed | cosmetic change escalated as legal change,"Change event is detected, typed, evidenced, impact-assessed and reviewable.",False
P28-T14,P28,Empirical legal researcher,research,T14,Quantitative or corpus analysis,binding-authority | history | contextual-material,SC09 | SC10 | SC21 | SC23 | SC24 | SC35,SRC009 | SRC010 | SRC011 | SRC012 | SRC032 | SRC035 | SRC037 | SRC040 | SRC041 | SRC017 | SRC044 | SRC045,"Licensed corpus, denominator, extraction rules, code/version, missingness and uncertainty.",Snapshot date fixed and disclosed.,licence breach | selection bias | database absence treated as real-world absence,Analysis is reproducible and limitations follow from an auditable coverage ledger.,False
P28-T17,P28,Empirical legal researcher,research,T17,Audit an AI-generated legal answer,binding-authority | persuasive-authority | procedural-material,SC09 | SC10 | SC21 | SC23 | SC24 | SC01,SRC009 | SRC010 | SRC011 | SRC012 | SRC032 | SRC035 | SRC037 | SRC040 | SRC041 | SRC017 | SRC044 | SRC045,"Proposition-to-citation ledger, source hashes, version context and coverage declaration.",Re-verify all material current-law propositions.,invented citation | citation does not support proposition | hidden retrieval gap,"Every material proposition is supported, classified and risk-rated; hard failures cap the answer.",True
P28-T20,P28,Empirical legal researcher,research,T20,Verify citation and identity,binding-authority | history | legal-service-information,SC09 | SC10 | SC21 | SC23 | SC24 | SC12 | SC14 | SC30,SRC009 | SRC010 | SRC011 | SRC012 | SRC032 | SRC035 | SRC037 | SRC040 | SRC041 | SRC017 | SRC044 | SRC045,"Source-native identifiers, exact/qualified mappings, issuer and temporal identity.",Identity mapping versioned; live where institutions/citations evolve.,fuzzy match asserted as sameAs | parallel citations collapsed | wrong version joined,"Identity decision has mapping type, confidence, evidence and unresolved conflicts.",False
P29-T01,P29,Law student,education,T01,Locate controlling authority,binding-authority,SC01 | SC09 | SC24 | SC10,SRC001 | SRC002 | SRC007 | SRC009 | SRC010 | SRC011 | SRC017 | SRC044 | SRC045 | SRC012,Official work/case/rule identity plus selected passage and court/institutional competence.,Live verification at answer time for current advice; historical date fixed for retrospective research.,topical but non-controlling source | later appeal or higher authority missed | guidance presented as law,"Controlling authority is identified, hierarchy and jurisdiction are stated, and every material proposition has a pinpoint.",False
P29-T02,P29,Law student,education,T02,Determine whether law is in force,binding-authority,SC01 | SC09 | SC24 | SC04 | SC05,SRC001 | SRC002 | SRC007 | SRC009 | SRC010 | SRC011 | SRC017 | SRC044 | SRC045 | SRC004 | SRC003,"Versioned legislation, commencement/effect records, extent and amendments with live official verification.",Zero tolerance for stale current-law answers.,latest text confused with in-force text | unapplied effect ignored | commencement or savings omitted,"Answer states the relevant version, commencement, extent, amendments, savings and uncertainty.",True
P29-T03,P29,Law student,education,T03,Point-in-time and historical research,binding-authority | history,SC01 | SC09 | SC24 | SC04 | SC35,SRC001 | SRC002 | SRC007 | SRC009 | SRC010 | SRC011 | SRC017 | SRC044 | SRC045 | SRC004 | SRC015 | SRC070,"Dated expressions, amendment chronology, archived official material and source hashes.",Exact historical cut-off; later material segregated.,anachronism | current consolidation substituted for historical text | archive date mistaken for legal date,A reproducible dated state and change chronology are supplied.,False
P29-T04,P29,Law student,education,T04,Territorial extent and jurisdiction,binding-authority | legal-service-information,SC01 | SC09 | SC24 | SC14 | SC30,SRC001 | SRC002 | SRC007 | SRC009 | SRC010 | SRC011 | SRC017 | SRC044 | SRC045 | SRC012 | SRC067 | SRC072,"Extent metadata, devolution/competence provisions, court or regulator jurisdiction sources.",Live for current competence; exact for historical jurisdiction.,UK-wide assumption | extent confused with application | court/body identity conflated,"Territory, legal system, institutional competence and exceptions are explicit.",False
P29-T05,P29,Law student,education,T05,"Trace amendments, commencement and repeal",binding-authority,SC01 | SC09 | SC24 | SC05,SRC001 | SRC002 | SRC007 | SRC009 | SRC010 | SRC011 | SRC017 | SRC044 | SRC045 | SRC003 | SRC004,"Official effect feeds, amending instruments/provisions, commencement orders and selected passages.",Live verification at answer time.,absence of recorded effect treated as no effect | prospective effect treated as operative | repeal savings omitted,Bidirectional change graph and current application status are evidenced.,False
P29-T06,P29,Law student,education,T06,Identify judicial interpretation and treatment,binding-authority | persuasive-authority,SC01 | SC09 | SC24 | SC10 | SC13,SRC001 | SRC002 | SRC007 | SRC009 | SRC010 | SRC011 | SRC017 | SRC044 | SRC045 | SRC012 | SRC068 | SRC069,"Official judgments, cited passage, court hierarchy, later treatment and appeal status.",Live citator/treatment check before reliance.,citation occurrence treated as approval | headnote substituted for judgment | later reversal missed,Treatment verbs are passage-evidenced and hierarchy/date qualified.,False
P29-T07,P29,Law student,education,T07,Construct a chronology,binding-authority | history | official-guidance,SC01 | SC09 | SC24 | SC04,SRC001 | SRC002 | SRC007 | SRC009 | SRC010 | SRC011 | SRC017 | SRC044 | SRC045 | SRC004,"Typed dated events with source identity, event date and publication/retrieval date separated.",Depends on task; current chronologies checked live.,publication date confused with effective date | events silently omitted | time zones/version ambiguity,"A typed, source-backed chronology exposes gaps and conflicting dates.",False
P29-T12,P29,Law student,education,T12,Research legislative intent,history | binding-authority,SC01 | SC09 | SC24 | SC03 | SC25 | SC26,SRC001 | SRC002 | SRC007 | SRC009 | SRC010 | SRC011 | SRC017 | SRC044 | SRC045 | SRC006 | SRC004 | SRC005,"Official Bill/stage documents, Hansard passages, explanatory notes and enacted text.",Historical source set fixed; later interpretation segregated.,ministerial statement treated as law | wrong Bill version | selective quotation,History is connected to enacted provisions without overstating interpretive weight.,False
P29-T16,P29,Law student,education,T16,Produce accessible public explanation,binding-authority | official-guidance | legal-service-information,SC01 | SC09 | SC24 | SC22 | SC28,SRC001 | SRC002 | SRC007 | SRC009 | SRC010 | SRC011 | SRC017 | SRC044 | SRC045 | SRC022 | SRC031 | SRC034,"Authoritative passages plus official service guidance, with simplifications/limits labelled.",Live for current rights/process.,exception omitted | advice presented as certainty | accessibility/translation errors,"Explanation is accurate, scoped, readable, accessible and links to authoritative evidence.",False
P29-T17,P29,Law student,education,T17,Audit an AI-generated legal answer,binding-authority | persuasive-authority | procedural-material,SC01 | SC09 | SC24,SRC001 | SRC002 | SRC007 | SRC009 | SRC010 | SRC011 | SRC017 | SRC044 | SRC045,"Proposition-to-citation ledger, source hashes, version context and coverage declaration.",Re-verify all material current-law propositions.,invented citation | citation does not support proposition | hidden retrieval gap,"Every material proposition is supported, classified and risk-rated; hard failures cap the answer.",True
P29-T20,P29,Law student,education,T20,Verify citation and identity,binding-authority | history | legal-service-information,SC01 | SC09 | SC24 | SC12 | SC14 | SC30,SRC001 | SRC002 | SRC007 | SRC009 | SRC010 | SRC011 | SRC017 | SRC044 | SRC045 | SRC013 | SRC012 | SRC067,"Source-native identifiers, exact/qualified mappings, issuer and temporal identity.",Identity mapping versioned; live where institutions/citations evolve.,fuzzy match asserted as sameAs | parallel citations collapsed | wrong version joined,"Identity decision has mapping type, confidence, evidence and unresolved conflicts.",False
P30-T03,P30,"Librarian, archivist or knowledge manager",information,T03,Point-in-time and historical research,binding-authority | history,SC24 | SC35 | SC36 | SC04,SRC017 | SRC044 | SRC045 | SRC015 | SRC070 | SRC068 | SRC069 | SRC002 | SRC004 | SRC007,"Dated expressions, amendment chronology, archived official material and source hashes.",Exact historical cut-off; later material segregated.,anachronism | current consolidation substituted for historical text | archive date mistaken for legal date,A reproducible dated state and change chronology are supplied.,False
P30-T07,P30,"Librarian, archivist or knowledge manager",information,T07,Construct a chronology,binding-authority | history | official-guidance,SC24 | SC35 | SC36 | SC04,SRC017 | SRC044 | SRC045 | SRC015 | SRC070 | SRC068 | SRC069 | SRC002 | SRC004 | SRC007,"Typed dated events with source identity, event date and publication/retrieval date separated.",Depends on task; current chronologies checked live.,publication date confused with effective date | events silently omitted | time zones/version ambiguity,"A typed, source-backed chronology exposes gaps and conflicting dates.",False
P30-T13,P30,"Librarian, archivist or knowledge manager",information,T13,Monitor legal change,binding-authority | procedural-material | delegated-administrative-rules | official-guidance,SC24 | SC35 | SC36 | SC04 | SC21,SRC017 | SRC044 | SRC045 | SRC015 | SRC070 | SRC068 | SRC069 | SRC002 | SRC004 | SRC007 | SRC032 | SRC035,"Official feeds/logs, hashes, version differences and impact classification.",Source-specific service-level objective; critical sources daily or event-driven.,silent source deletion | publication event missed | cosmetic change escalated as legal change,"Change event is detected, typed, evidenced, impact-assessed and reviewable.",False
P30-T14,P30,"Librarian, archivist or knowledge manager",information,T14,Quantitative or corpus analysis,binding-authority | history | contextual-material,SC24 | SC35 | SC36,SRC017 | SRC044 | SRC045 | SRC015 | SRC070 | SRC068 | SRC069,"Licensed corpus, denominator, extraction rules, code/version, missingness and uncertainty.",Snapshot date fixed and disclosed.,licence breach | selection bias | database absence treated as real-world absence,Analysis is reproducible and limitations follow from an auditable coverage ledger.,False
P30-T16,P30,"Librarian, archivist or knowledge manager",information,T16,Produce accessible public explanation,binding-authority | official-guidance | legal-service-information,SC24 | SC35 | SC36 | SC22 | SC28,SRC017 | SRC044 | SRC045 | SRC015 | SRC070 | SRC068 | SRC069 | SRC022 | SRC031 | SRC034 | SRC061 | SRC062,"Authoritative passages plus official service guidance, with simplifications/limits labelled.",Live for current rights/process.,exception omitted | advice presented as certainty | accessibility/translation errors,"Explanation is accurate, scoped, readable, accessible and links to authoritative evidence.",False
P30-T17,P30,"Librarian, archivist or knowledge manager",information,T17,Audit an AI-generated legal answer,binding-authority | persuasive-authority | procedural-material,SC24 | SC35 | SC36 | SC01 | SC09,SRC017 | SRC044 | SRC045 | SRC015 | SRC070 | SRC068 | SRC069 | SRC001 | SRC002 | SRC007 | SRC009 | SRC010,"Proposition-to-citation ledger, source hashes, version context and coverage declaration.",Re-verify all material current-law propositions.,invented citation | citation does not support proposition | hidden retrieval gap,"Every material proposition is supported, classified and risk-rated; hard failures cap the answer.",True
P30-T20,P30,"Librarian, archivist or knowledge manager",information,T20,Verify citation and identity,binding-authority | history | legal-service-information,SC24 | SC35 | SC36 | SC12 | SC14 | SC30,SRC017 | SRC044 | SRC045 | SRC015 | SRC070 | SRC068 | SRC069 | SRC009 | SRC011 | SRC013 | SRC012 | SRC067,"Source-native identifiers, exact/qualified mappings, issuer and temporal identity.",Identity mapping versioned; live where institutions/citations evolve.,fuzzy match asserted as sameAs | parallel citations collapsed | wrong version joined,"Identity decision has mapping type, confidence, evidence and unresolved conflicts.",False
P31-T01,P31,Journalist or fact-checker,media,T01,Locate controlling authority,binding-authority,SC01 | SC09 | SC21 | SC24 | SC27 | SC10,SRC001 | SRC002 | SRC007 | SRC009 | SRC010 | SRC011 | SRC032 | SRC035 | SRC037 | SRC017 | SRC044 | SRC045,Official work/case/rule identity plus selected passage and court/institutional competence.,Live verification at answer time for current advice; historical date fixed for retrospective research.,topical but non-controlling source | later appeal or higher authority missed | guidance presented as law,"Controlling authority is identified, hierarchy and jurisdiction are stated, and every material proposition has a pinpoint.",False
P31-T02,P31,Journalist or fact-checker,media,T02,Determine whether law is in force,binding-authority,SC01 | SC09 | SC21 | SC24 | SC27 | SC04 | SC05,SRC001 | SRC002 | SRC007 | SRC009 | SRC010 | SRC011 | SRC032 | SRC035 | SRC037 | SRC017 | SRC044 | SRC045,"Versioned legislation, commencement/effect records, extent and amendments with live official verification.",Zero tolerance for stale current-law answers.,latest text confused with in-force text | unapplied effect ignored | commencement or savings omitted,"Answer states the relevant version, commencement, extent, amendments, savings and uncertainty.",True
P31-T03,P31,Journalist or fact-checker,media,T03,Point-in-time and historical research,binding-authority | history,SC01 | SC09 | SC21 | SC24 | SC27 | SC04 | SC35,SRC001 | SRC002 | SRC007 | SRC009 | SRC010 | SRC011 | SRC032 | SRC035 | SRC037 | SRC017 | SRC044 | SRC045,"Dated expressions, amendment chronology, archived official material and source hashes.",Exact historical cut-off; later material segregated.,anachronism | current consolidation substituted for historical text | archive date mistaken for legal date,A reproducible dated state and change chronology are supplied.,False
P31-T04,P31,Journalist or fact-checker,media,T04,Territorial extent and jurisdiction,binding-authority | legal-service-information,SC01 | SC09 | SC21 | SC24 | SC27 | SC14 | SC30,SRC001 | SRC002 | SRC007 | SRC009 | SRC010 | SRC011 | SRC032 | SRC035 | SRC037 | SRC017 | SRC044 | SRC045,"Extent metadata, devolution/competence provisions, court or regulator jurisdiction sources.",Live for current competence; exact for historical jurisdiction.,UK-wide assumption | extent confused with application | court/body identity conflated,"Territory, legal system, institutional competence and exceptions are explicit.",False
P31-T06,P31,Journalist or fact-checker,media,T06,Identify judicial interpretation and treatment,binding-authority | persuasive-authority,SC01 | SC09 | SC21 | SC24 | SC27 | SC10 | SC13,SRC001 | SRC002 | SRC007 | SRC009 | SRC010 | SRC011 | SRC032 | SRC035 | SRC037 | SRC017 | SRC044 | SRC045,"Official judgments, cited passage, court hierarchy, later treatment and appeal status.",Live citator/treatment check before reliance.,citation occurrence treated as approval | headnote substituted for judgment | later reversal missed,Treatment verbs are passage-evidenced and hierarchy/date qualified.,False
P31-T07,P31,Journalist or fact-checker,media,T07,Construct a chronology,binding-authority | history | official-guidance,SC01 | SC09 | SC21 | SC24 | SC27 | SC04,SRC001 | SRC002 | SRC007 | SRC009 | SRC010 | SRC011 | SRC032 | SRC035 | SRC037 | SRC017 | SRC044 | SRC045,"Typed dated events with source identity, event date and publication/retrieval date separated.",Depends on task; current chronologies checked live.,publication date confused with effective date | events silently omitted | time zones/version ambiguity,"A typed, source-backed chronology exposes gaps and conflicting dates.",False
P31-T12,P31,Journalist or fact-checker,media,T12,Research legislative intent,history | binding-authority,SC01 | SC09 | SC21 | SC24 | SC27 | SC03 | SC25 | SC26,SRC001 | SRC002 | SRC007 | SRC009 | SRC010 | SRC011 | SRC032 | SRC035 | SRC037 | SRC017 | SRC044 | SRC045,"Official Bill/stage documents, Hansard passages, explanatory notes and enacted text.",Historical source set fixed; later interpretation segregated.,ministerial statement treated as law | wrong Bill version | selective quotation,History is connected to enacted provisions without overstating interpretive weight.,False
P31-T13,P31,Journalist or fact-checker,media,T13,Monitor legal change,binding-authority | procedural-material | delegated-administrative-rules | official-guidance,SC01 | SC09 | SC21 | SC24 | SC27 | SC04,SRC001 | SRC002 | SRC007 | SRC009 | SRC010 | SRC011 | SRC032 | SRC035 | SRC037 | SRC017 | SRC044 | SRC045,"Official feeds/logs, hashes, version differences and impact classification.",Source-specific service-level objective; critical sources daily or event-driven.,silent source deletion | publication event missed | cosmetic change escalated as legal change,"Change event is detected, typed, evidenced, impact-assessed and reviewable.",False
P31-T16,P31,Journalist or fact-checker,media,T16,Produce accessible public explanation,binding-authority | official-guidance | legal-service-information,SC01 | SC09 | SC21 | SC24 | SC27 | SC22 | SC28,SRC001 | SRC002 | SRC007 | SRC009 | SRC010 | SRC011 | SRC032 | SRC035 | SRC037 | SRC017 | SRC044 | SRC045,"Authoritative passages plus official service guidance, with simplifications/limits labelled.",Live for current rights/process.,exception omitted | advice presented as certainty | accessibility/translation errors,"Explanation is accurate, scoped, readable, accessible and links to authoritative evidence.",False
P31-T17,P31,Journalist or fact-checker,media,T17,Audit an AI-generated legal answer,binding-authority | persuasive-authority | procedural-material,SC01 | SC09 | SC21 | SC24 | SC27,SRC001 | SRC002 | SRC007 | SRC009 | SRC010 | SRC011 | SRC032 | SRC035 | SRC037 | SRC017 | SRC044 | SRC045,"Proposition-to-citation ledger, source hashes, version context and coverage declaration.",Re-verify all material current-law propositions.,invented citation | citation does not support proposition | hidden retrieval gap,"Every material proposition is supported, classified and risk-rated; hard failures cap the answer.",True
P31-T20,P31,Journalist or fact-checker,media,T20,Verify citation and identity,binding-authority | history | legal-service-information,SC01 | SC09 | SC21 | SC24 | SC27 | SC12 | SC14 | SC30,SRC001 | SRC002 | SRC007 | SRC009 | SRC010 | SRC011 | SRC032 | SRC035 | SRC037 | SRC017 | SRC044 | SRC045,"Source-native identifiers, exact/qualified mappings, issuer and temporal identity.",Identity mapping versioned; live where institutions/citations evolve.,fuzzy match asserted as sameAs | parallel citations collapsed | wrong version joined,"Identity decision has mapping type, confidence, evidence and unresolved conflicts.",False
P32-T01,P32,Litigant in person,public,T01,Locate controlling authority,binding-authority,SC01 | SC15 | SC17 | SC28 | SC09 | SC10,SRC001 | SRC002 | SRC007 | SRC018 | SRC019 | SRC020 | SRC023 | SRC024 | SRC026 | SRC061 | SRC062 | SRC063,Official work/case/rule identity plus selected passage and court/institutional competence.,Live verification at answer time for current advice; historical date fixed for retrospective research. Qualified human review is mandatory before consequential use.,topical but non-controlling source | later appeal or higher authority missed | guidance presented as law,"Controlling authority is identified, hierarchy and jurisdiction are stated, and every material proposition has a pinpoint.",True
P32-T02,P32,Litigant in person,public,T02,Determine whether law is in force,binding-authority,SC01 | SC15 | SC17 | SC28 | SC04 | SC05,SRC001 | SRC002 | SRC007 | SRC018 | SRC019 | SRC020 | SRC023 | SRC024 | SRC026 | SRC061 | SRC062 | SRC063,"Versioned legislation, commencement/effect records, extent and amendments with live official verification.",Zero tolerance for stale current-law answers. Qualified human review is mandatory before consequential use.,latest text confused with in-force text | unapplied effect ignored | commencement or savings omitted,"Answer states the relevant version, commencement, extent, amendments, savings and uncertainty.",True
P32-T04,P32,Litigant in person,public,T04,Territorial extent and jurisdiction,binding-authority | legal-service-information,SC01 | SC15 | SC17 | SC28 | SC14 | SC30,SRC001 | SRC002 | SRC007 | SRC018 | SRC019 | SRC020 | SRC023 | SRC024 | SRC026 | SRC061 | SRC062 | SRC063,"Extent metadata, devolution/competence provisions, court or regulator jurisdiction sources.",Live for current competence; exact for historical jurisdiction. Qualified human review is mandatory before consequential use.,UK-wide assumption | extent confused with application | court/body identity conflated,"Territory, legal system, institutional competence and exceptions are explicit.",True
P32-T09,P32,Litigant in person,public,T09,Apply rules to facts,binding-authority | persuasive-authority,SC01 | SC15 | SC17 | SC28 | SC09,SRC001 | SRC002 | SRC007 | SRC018 | SRC019 | SRC020 | SRC023 | SRC024 | SRC026 | SRC061 | SRC062 | SRC063,"Controlling text/cases, issue-element mapping, stated factual assumptions and uncertainty.",Live for current advice; professional review required. Qualified human review is mandatory before consequential use.,facts invented | legal conclusion overconfident | discretion treated as rule,"Elements, exceptions, burdens and missing facts are mapped, with escalation.",True
P32-T10,P32,Litigant in person,public,T10,"Find procedural steps, deadlines, forms and fees",procedural-material | binding-authority | legal-service-information,SC01 | SC15 | SC17 | SC28 | SC16,SRC001 | SRC002 | SRC007 | SRC018 | SRC019 | SRC020 | SRC023 | SRC024 | SRC026 | SRC061 | SRC062 | SRC063,Current rule/order/practice direction plus live form/fee/service verification.,Same-day/live verification before action. Qualified human review is mandatory before consequential use.,outdated form/fee | wrong forum | guidance deadline not checked against rule,Actionable steps cite the operative procedural passage and current service artefacts.,True
P32-T16,P32,Litigant in person,public,T16,Produce accessible public explanation,binding-authority | official-guidance | legal-service-information,SC01 | SC15 | SC17 | SC28 | SC22,SRC001 | SRC002 | SRC007 | SRC018 | SRC019 | SRC020 | SRC023 | SRC024 | SRC026 | SRC061 | SRC062 | SRC063,"Authoritative passages plus official service guidance, with simplifications/limits labelled.",Live for current rights/process. Qualified human review is mandatory before consequential use.,exception omitted | advice presented as certainty | accessibility/translation errors,"Explanation is accurate, scoped, readable, accessible and links to authoritative evidence.",True
P32-T19,P32,Litigant in person,public,T19,Identify remedies and enforcement outcomes,binding-authority | procedural-material | delegated-administrative-rules | persuasive-authority,SC01 | SC15 | SC17 | SC28 | SC21 | SC23,SRC001 | SRC002 | SRC007 | SRC018 | SRC019 | SRC020 | SRC023 | SRC024 | SRC026 | SRC061 | SRC062 | SRC063,"Operative remedy provisions, procedure, official decisions/notices and appeal status.",Live for current remedies and routes. Qualified human review is mandatory before consequential use.,past outcome treated as guaranteed | appeal route missed | regulator summary substituted for notice,"Remedy conditions, forum, deadline, discretion and evidence are explicit.",True
P33-T01,P33,Member of the public,public,T01,Locate controlling authority,binding-authority,SC01 | SC17 | SC22 | SC28 | SC09 | SC10,SRC001 | SRC002 | SRC007 | SRC023 | SRC024 | SRC026 | SRC022 | SRC031 | SRC034 | SRC061 | SRC062 | SRC063,Official work/case/rule identity plus selected passage and court/institutional competence.,Live verification at answer time for current advice; historical date fixed for retrospective research.,topical but non-controlling source | later appeal or higher authority missed | guidance presented as law,"Controlling authority is identified, hierarchy and jurisdiction are stated, and every material proposition has a pinpoint.",False
P33-T02,P33,Member of the public,public,T02,Determine whether law is in force,binding-authority,SC01 | SC17 | SC22 | SC28 | SC04 | SC05,SRC001 | SRC002 | SRC007 | SRC023 | SRC024 | SRC026 | SRC022 | SRC031 | SRC034 | SRC061 | SRC062 | SRC063,"Versioned legislation, commencement/effect records, extent and amendments with live official verification.",Zero tolerance for stale current-law answers.,latest text confused with in-force text | unapplied effect ignored | commencement or savings omitted,"Answer states the relevant version, commencement, extent, amendments, savings and uncertainty.",True
P33-T04,P33,Member of the public,public,T04,Territorial extent and jurisdiction,binding-authority | legal-service-information,SC01 | SC17 | SC22 | SC28 | SC14 | SC30,SRC001 | SRC002 | SRC007 | SRC023 | SRC024 | SRC026 | SRC022 | SRC031 | SRC034 | SRC061 | SRC062 | SRC063,"Extent metadata, devolution/competence provisions, court or regulator jurisdiction sources.",Live for current competence; exact for historical jurisdiction.,UK-wide assumption | extent confused with application | court/body identity conflated,"Territory, legal system, institutional competence and exceptions are explicit.",False
P33-T10,P33,Member of the public,public,T10,"Find procedural steps, deadlines, forms and fees",procedural-material | binding-authority | legal-service-information,SC01 | SC17 | SC22 | SC28 | SC15 | SC16,SRC001 | SRC002 | SRC007 | SRC023 | SRC024 | SRC026 | SRC022 | SRC031 | SRC034 | SRC061 | SRC062 | SRC063,Current rule/order/practice direction plus live form/fee/service verification.,Same-day/live verification before action.,outdated form/fee | wrong forum | guidance deadline not checked against rule,Actionable steps cite the operative procedural passage and current service artefacts.,True
P33-T16,P33,Member of the public,public,T16,Produce accessible public explanation,binding-authority | official-guidance | legal-service-information,SC01 | SC17 | SC22 | SC28,SRC001 | SRC002 | SRC007 | SRC023 | SRC024 | SRC026 | SRC022 | SRC031 | SRC034 | SRC061 | SRC062 | SRC063,"Authoritative passages plus official service guidance, with simplifications/limits labelled.",Live for current rights/process.,exception omitted | advice presented as certainty | accessibility/translation errors,"Explanation is accurate, scoped, readable, accessible and links to authoritative evidence.",False
P33-T18,P33,Member of the public,public,T18,Identify institutional competence,binding-authority | legal-service-information,SC01 | SC17 | SC22 | SC28 | SC14 | SC30,SRC001 | SRC002 | SRC007 | SRC023 | SRC024 | SRC026 | SRC022 | SRC031 | SRC034 | SRC061 | SRC062 | SRC063,"Founding/empowering provisions, delegation, jurisdiction and temporal organisation identity.",Live for current bodies.,organisation page treated as power source | successor/predecessor confused | delegation missing,"Competence, delegation, review route and date are sourced.",False
P33-T19,P33,Member of the public,public,T19,Identify remedies and enforcement outcomes,binding-authority | procedural-material | delegated-administrative-rules | persuasive-authority,SC01 | SC17 | SC22 | SC28 | SC21 | SC23,SRC001 | SRC002 | SRC007 | SRC023 | SRC024 | SRC026 | SRC022 | SRC031 | SRC034 | SRC061 | SRC062 | SRC063,"Operative remedy provisions, procedure, official decisions/notices and appeal status.",Live for current remedies and routes.,past outcome treated as guaranteed | appeal route missed | regulator summary substituted for notice,"Remedy conditions, forum, deadline, discretion and evidence are explicit.",True
P34-T03,P34,Legislative or legal-data engineer,technology,T03,Point-in-time and historical research,binding-authority | history,SC01 | SC05 | SC09 | SC30 | SC04 | SC35,SRC001 | SRC002 | SRC007 | SRC003 | SRC004 | SRC009 | SRC010 | SRC011 | SRC067 | SRC072 | SRC015 | SRC017,"Dated expressions, amendment chronology, archived official material and source hashes.",Exact historical cut-off; later material segregated.,anachronism | current consolidation substituted for historical text | archive date mistaken for legal date,A reproducible dated state and change chronology are supplied.,False
P34-T04,P34,Legislative or legal-data engineer,technology,T04,Territorial extent and jurisdiction,binding-authority | legal-service-information,SC01 | SC05 | SC09 | SC30 | SC14,SRC001 | SRC002 | SRC007 | SRC003 | SRC004 | SRC009 | SRC010 | SRC011 | SRC067 | SRC072 | SRC012,"Extent metadata, devolution/competence provisions, court or regulator jurisdiction sources.",Live for current competence; exact for historical jurisdiction.,UK-wide assumption | extent confused with application | court/body identity conflated,"Territory, legal system, institutional competence and exceptions are explicit.",False
P34-T05,P34,Legislative or legal-data engineer,technology,T05,"Trace amendments, commencement and repeal",binding-authority,SC01 | SC05 | SC09 | SC30,SRC001 | SRC002 | SRC007 | SRC003 | SRC004 | SRC009 | SRC010 | SRC011 | SRC067 | SRC072,"Official effect feeds, amending instruments/provisions, commencement orders and selected passages.",Live verification at answer time.,absence of recorded effect treated as no effect | prospective effect treated as operative | repeal savings omitted,Bidirectional change graph and current application status are evidenced.,False
P34-T07,P34,Legislative or legal-data engineer,technology,T07,Construct a chronology,binding-authority | history | official-guidance,SC01 | SC05 | SC09 | SC30 | SC24 | SC04,SRC001 | SRC002 | SRC007 | SRC003 | SRC004 | SRC009 | SRC010 | SRC011 | SRC067 | SRC072 | SRC017 | SRC044,"Typed dated events with source identity, event date and publication/retrieval date separated.",Depends on task; current chronologies checked live.,publication date confused with effective date | events silently omitted | time zones/version ambiguity,"A typed, source-backed chronology exposes gaps and conflicting dates.",False
P34-T13,P34,Legislative or legal-data engineer,technology,T13,Monitor legal change,binding-authority | procedural-material | delegated-administrative-rules | official-guidance,SC01 | SC05 | SC09 | SC30 | SC04 | SC21 | SC24,SRC001 | SRC002 | SRC007 | SRC003 | SRC004 | SRC009 | SRC010 | SRC011 | SRC067 | SRC072 | SRC032 | SRC035,"Official feeds/logs, hashes, version differences and impact classification.",Source-specific service-level objective; critical sources daily or event-driven.,silent source deletion | publication event missed | cosmetic change escalated as legal change,"Change event is detected, typed, evidenced, impact-assessed and reviewable.",False
P34-T14,P34,Legislative or legal-data engineer,technology,T14,Quantitative or corpus analysis,binding-authority | history | contextual-material,SC01 | SC05 | SC09 | SC30 | SC35,SRC001 | SRC002 | SRC007 | SRC003 | SRC004 | SRC009 | SRC010 | SRC011 | SRC067 | SRC072 | SRC015 | SRC017,"Licensed corpus, denominator, extraction rules, code/version, missingness and uncertainty.",Snapshot date fixed and disclosed.,licence breach | selection bias | database absence treated as real-world absence,Analysis is reproducible and limitations follow from an auditable coverage ledger.,False
P34-T17,P34,Legislative or legal-data engineer,technology,T17,Audit an AI-generated legal answer,binding-authority | persuasive-authority | procedural-material,SC01 | SC05 | SC09 | SC30,SRC001 | SRC002 | SRC007 | SRC003 | SRC004 | SRC009 | SRC010 | SRC011 | SRC067 | SRC072,"Proposition-to-citation ledger, source hashes, version context and coverage declaration.",Re-verify all material current-law propositions.,invented citation | citation does not support proposition | hidden retrieval gap,"Every material proposition is supported, classified and risk-rated; hard failures cap the answer.",True
P34-T20,P34,Legislative or legal-data engineer,technology,T20,Verify citation and identity,binding-authority | history | legal-service-information,SC01 | SC05 | SC09 | SC30 | SC12 | SC14,SRC001 | SRC002 | SRC007 | SRC003 | SRC004 | SRC009 | SRC010 | SRC011 | SRC067 | SRC072 | SRC013 | SRC012,"Source-native identifiers, exact/qualified mappings, issuer and temporal identity.",Identity mapping versioned; live where institutions/citations evolve.,fuzzy match asserted as sameAs | parallel citations collapsed | wrong version joined,"Identity decision has mapping type, confidence, evidence and unresolved conflicts.",False
P35-T03,P35,Ontology or knowledge-graph designer,technology,T03,Point-in-time and historical research,binding-authority | history,SC01 | SC09 | SC13 | SC30 | SC04 | SC35,SRC001 | SRC002 | SRC007 | SRC009 | SRC010 | SRC011 | SRC068 | SRC069 | SRC067 | SRC072 | SRC004 | SRC015,"Dated expressions, amendment chronology, archived official material and source hashes.",Exact historical cut-off; later material segregated.,anachronism | current consolidation substituted for historical text | archive date mistaken for legal date,A reproducible dated state and change chronology are supplied.,False
P35-T04,P35,Ontology or knowledge-graph designer,technology,T04,Territorial extent and jurisdiction,binding-authority | legal-service-information,SC01 | SC09 | SC13 | SC30 | SC14,SRC001 | SRC002 | SRC007 | SRC009 | SRC010 | SRC011 | SRC068 | SRC069 | SRC067 | SRC072 | SRC012,"Extent metadata, devolution/competence provisions, court or regulator jurisdiction sources.",Live for current competence; exact for historical jurisdiction.,UK-wide assumption | extent confused with application | court/body identity conflated,"Territory, legal system, institutional competence and exceptions are explicit.",False
P35-T05,P35,Ontology or knowledge-graph designer,technology,T05,"Trace amendments, commencement and repeal",binding-authority,SC01 | SC09 | SC13 | SC30 | SC05,SRC001 | SRC002 | SRC007 | SRC009 | SRC010 | SRC011 | SRC068 | SRC069 | SRC067 | SRC072 | SRC003 | SRC004,"Official effect feeds, amending instruments/provisions, commencement orders and selected passages.",Live verification at answer time.,absence of recorded effect treated as no effect | prospective effect treated as operative | repeal savings omitted,Bidirectional change graph and current application status are evidenced.,False
P35-T06,P35,Ontology or knowledge-graph designer,technology,T06,Identify judicial interpretation and treatment,binding-authority | persuasive-authority,SC01 | SC09 | SC13 | SC30 | SC10,SRC001 | SRC002 | SRC007 | SRC009 | SRC010 | SRC011 | SRC068 | SRC069 | SRC067 | SRC072 | SRC012,"Official judgments, cited passage, court hierarchy, later treatment and appeal status.",Live citator/treatment check before reliance.,citation occurrence treated as approval | headnote substituted for judgment | later reversal missed,Treatment verbs are passage-evidenced and hierarchy/date qualified.,False
P35-T07,P35,Ontology or knowledge-graph designer,technology,T07,Construct a chronology,binding-authority | history | official-guidance,SC01 | SC09 | SC13 | SC30 | SC24 | SC04,SRC001 | SRC002 | SRC007 | SRC009 | SRC010 | SRC011 | SRC068 | SRC069 | SRC067 | SRC072 | SRC017 | SRC044,"Typed dated events with source identity, event date and publication/retrieval date separated.",Depends on task; current chronologies checked live.,publication date confused with effective date | events silently omitted | time zones/version ambiguity,"A typed, source-backed chronology exposes gaps and conflicting dates.",False
P35-T14,P35,Ontology or knowledge-graph designer,technology,T14,Quantitative or corpus analysis,binding-authority | history | contextual-material,SC01 | SC09 | SC13 | SC30 | SC35,SRC001 | SRC002 | SRC007 | SRC009 | SRC010 | SRC011 | SRC068 | SRC069 | SRC067 | SRC072 | SRC015 | SRC017,"Licensed corpus, denominator, extraction rules, code/version, missingness and uncertainty.",Snapshot date fixed and disclosed.,licence breach | selection bias | database absence treated as real-world absence,Analysis is reproducible and limitations follow from an auditable coverage ledger.,False
P35-T17,P35,Ontology or knowledge-graph designer,technology,T17,Audit an AI-generated legal answer,binding-authority | persuasive-authority | procedural-material,SC01 | SC09 | SC13 | SC30,SRC001 | SRC002 | SRC007 | SRC009 | SRC010 | SRC011 | SRC068 | SRC069 | SRC067 | SRC072,"Proposition-to-citation ledger, source hashes, version context and coverage declaration.",Re-verify all material current-law propositions.,invented citation | citation does not support proposition | hidden retrieval gap,"Every material proposition is supported, classified and risk-rated; hard failures cap the answer.",True
P35-T18,P35,Ontology or knowledge-graph designer,technology,T18,Identify institutional competence,binding-authority | legal-service-information,SC01 | SC09 | SC13 | SC30 | SC14,SRC001 | SRC002 | SRC007 | SRC009 | SRC010 | SRC011 | SRC068 | SRC069 | SRC067 | SRC072 | SRC012,"Founding/empowering provisions, delegation, jurisdiction and temporal organisation identity.",Live for current bodies.,organisation page treated as power source | successor/predecessor confused | delegation missing,"Competence, delegation, review route and date are sourced.",False
P35-T20,P35,Ontology or knowledge-graph designer,technology,T20,Verify citation and identity,binding-authority | history | legal-service-information,SC01 | SC09 | SC13 | SC30 | SC12 | SC14,SRC001 | SRC002 | SRC007 | SRC009 | SRC010 | SRC011 | SRC068 | SRC069 | SRC067 | SRC072 | SRC013 | SRC012,"Source-native identifiers, exact/qualified mappings, issuer and temporal identity.",Identity mapping versioned; live where institutions/citations evolve.,fuzzy match asserted as sameAs | parallel citations collapsed | wrong version joined,"Identity decision has mapping type, confidence, evidence and unresolved conflicts.",False
P36-T01,P36,AI-agent developer or operator,technology,T01,Locate controlling authority,binding-authority,SC01 | SC09 | SC15 | SC20 | SC10,SRC001 | SRC002 | SRC007 | SRC009 | SRC010 | SRC011 | SRC018 | SRC019 | SRC020 | SRC031 | SRC033 | SRC034,Official work/case/rule identity plus selected passage and court/institutional competence.,Live verification at answer time for current advice; historical date fixed for retrospective research. Qualified human review is mandatory before consequential use.,topical but non-controlling source | later appeal or higher authority missed | guidance presented as law,"Controlling authority is identified, hierarchy and jurisdiction are stated, and every material proposition has a pinpoint.",True
P36-T02,P36,AI-agent developer or operator,technology,T02,Determine whether law is in force,binding-authority,SC01 | SC09 | SC15 | SC20 | SC04 | SC05,SRC001 | SRC002 | SRC007 | SRC009 | SRC010 | SRC011 | SRC018 | SRC019 | SRC020 | SRC031 | SRC033 | SRC034,"Versioned legislation, commencement/effect records, extent and amendments with live official verification.",Zero tolerance for stale current-law answers. Qualified human review is mandatory before consequential use.,latest text confused with in-force text | unapplied effect ignored | commencement or savings omitted,"Answer states the relevant version, commencement, extent, amendments, savings and uncertainty.",True
P36-T04,P36,AI-agent developer or operator,technology,T04,Territorial extent and jurisdiction,binding-authority | legal-service-information,SC01 | SC09 | SC15 | SC20 | SC14 | SC30,SRC001 | SRC002 | SRC007 | SRC009 | SRC010 | SRC011 | SRC018 | SRC019 | SRC020 | SRC031 | SRC033 | SRC034,"Extent metadata, devolution/competence provisions, court or regulator jurisdiction sources.",Live for current competence; exact for historical jurisdiction. Qualified human review is mandatory before consequential use.,UK-wide assumption | extent confused with application | court/body identity conflated,"Territory, legal system, institutional competence and exceptions are explicit.",True
P36-T05,P36,AI-agent developer or operator,technology,T05,"Trace amendments, commencement and repeal",binding-authority,SC01 | SC09 | SC15 | SC20 | SC05,SRC001 | SRC002 | SRC007 | SRC009 | SRC010 | SRC011 | SRC018 | SRC019 | SRC020 | SRC031 | SRC033 | SRC034,"Official effect feeds, amending instruments/provisions, commencement orders and selected passages.",Live verification at answer time. Qualified human review is mandatory before consequential use.,absence of recorded effect treated as no effect | prospective effect treated as operative | repeal savings omitted,Bidirectional change graph and current application status are evidenced.,True
P36-T06,P36,AI-agent developer or operator,technology,T06,Identify judicial interpretation and treatment,binding-authority | persuasive-authority,SC01 | SC09 | SC15 | SC20 | SC10 | SC13,SRC001 | SRC002 | SRC007 | SRC009 | SRC010 | SRC011 | SRC018 | SRC019 | SRC020 | SRC031 | SRC033 | SRC034,"Official judgments, cited passage, court hierarchy, later treatment and appeal status.",Live citator/treatment check before reliance. Qualified human review is mandatory before consequential use.,citation occurrence treated as approval | headnote substituted for judgment | later reversal missed,Treatment verbs are passage-evidenced and hierarchy/date qualified.,True
P36-T10,P36,AI-agent developer or operator,technology,T10,"Find procedural steps, deadlines, forms and fees",procedural-material | binding-authority | legal-service-information,SC01 | SC09 | SC15 | SC20 | SC16 | SC17,SRC001 | SRC002 | SRC007 | SRC009 | SRC010 | SRC011 | SRC018 | SRC019 | SRC020 | SRC031 | SRC033 | SRC034,Current rule/order/practice direction plus live form/fee/service verification.,Same-day/live verification before action. Qualified human review is mandatory before consequential use.,outdated form/fee | wrong forum | guidance deadline not checked against rule,Actionable steps cite the operative procedural passage and current service artefacts.,True
P36-T13,P36,AI-agent developer or operator,technology,T13,Monitor legal change,binding-authority | procedural-material | delegated-administrative-rules | official-guidance,SC01 | SC09 | SC15 | SC20 | SC04 | SC21 | SC24,SRC001 | SRC002 | SRC007 | SRC009 | SRC010 | SRC011 | SRC018 | SRC019 | SRC020 | SRC031 | SRC033 | SRC034,"Official feeds/logs, hashes, version differences and impact classification.",Source-specific service-level objective; critical sources daily or event-driven. Qualified human review is mandatory before consequential use.,silent source deletion | publication event missed | cosmetic change escalated as legal change,"Change event is detected, typed, evidenced, impact-assessed and reviewable.",True
P36-T14,P36,AI-agent developer or operator,technology,T14,Quantitative or corpus analysis,binding-authority | history | contextual-material,SC01 | SC09 | SC15 | SC20 | SC35,SRC001 | SRC002 | SRC007 | SRC009 | SRC010 | SRC011 | SRC018 | SRC019 | SRC020 | SRC031 | SRC033 | SRC034,"Licensed corpus, denominator, extraction rules, code/version, missingness and uncertainty.",Snapshot date fixed and disclosed. Qualified human review is mandatory before consequential use.,licence breach | selection bias | database absence treated as real-world absence,Analysis is reproducible and limitations follow from an auditable coverage ledger.,True
P36-T16,P36,AI-agent developer or operator,technology,T16,Produce accessible public explanation,binding-authority | official-guidance | legal-service-information,SC01 | SC09 | SC15 | SC20 | SC22 | SC28,SRC001 | SRC002 | SRC007 | SRC009 | SRC010 | SRC011 | SRC018 | SRC019 | SRC020 | SRC031 | SRC033 | SRC034,"Authoritative passages plus official service guidance, with simplifications/limits labelled.",Live for current rights/process. Qualified human review is mandatory before consequential use.,exception omitted | advice presented as certainty | accessibility/translation errors,"Explanation is accurate, scoped, readable, accessible and links to authoritative evidence.",True
P36-T17,P36,AI-agent developer or operator,technology,T17,Audit an AI-generated legal answer,binding-authority | persuasive-authority | procedural-material,SC01 | SC09 | SC15 | SC20,SRC001 | SRC002 | SRC007 | SRC009 | SRC010 | SRC011 | SRC018 | SRC019 | SRC020 | SRC031 | SRC033 | SRC034,"Proposition-to-citation ledger, source hashes, version context and coverage declaration.",Re-verify all material current-law propositions. Qualified human review is mandatory before consequential use.,invented citation | citation does not support proposition | hidden retrieval gap,"Every material proposition is supported, classified and risk-rated; hard failures cap the answer.",True
P36-T20,P36,AI-agent developer or operator,technology,T20,Verify citation and identity,binding-authority | history | legal-service-information,SC01 | SC09 | SC15 | SC20 | SC12 | SC14 | SC30,SRC001 | SRC002 | SRC007 | SRC009 | SRC010 | SRC011 | SRC018 | SRC019 | SRC020 | SRC031 | SRC033 | SRC034,"Source-native identifiers, exact/qualified mappings, issuer and temporal identity.",Identity mapping versioned; live where institutions/citations evolve. Qualified human review is mandatory before consequential use.,fuzzy match asserted as sameAs | parallel citations collapsed | wrong version joined,"Identity decision has mapping type, confidence, evidence and unresolved conflicts.",True
P37-T01,P37,AI auditor or evaluator,assurance,T01,Locate controlling authority,binding-authority,SC01 | SC09 | SC15 | SC20 | SC24 | SC10,SRC001 | SRC002 | SRC007 | SRC009 | SRC010 | SRC011 | SRC018 | SRC019 | SRC020 | SRC031 | SRC033 | SRC034,Official work/case/rule identity plus selected passage and court/institutional competence.,Live verification at answer time for current advice; historical date fixed for retrospective research. Qualified human review is mandatory before consequential use.,topical but non-controlling source | later appeal or higher authority missed | guidance presented as law,"Controlling authority is identified, hierarchy and jurisdiction are stated, and every material proposition has a pinpoint.",True
P37-T02,P37,AI auditor or evaluator,assurance,T02,Determine whether law is in force,binding-authority,SC01 | SC09 | SC15 | SC20 | SC24 | SC04 | SC05,SRC001 | SRC002 | SRC007 | SRC009 | SRC010 | SRC011 | SRC018 | SRC019 | SRC020 | SRC031 | SRC033 | SRC034,"Versioned legislation, commencement/effect records, extent and amendments with live official verification.",Zero tolerance for stale current-law answers. Qualified human review is mandatory before consequential use.,latest text confused with in-force text | unapplied effect ignored | commencement or savings omitted,"Answer states the relevant version, commencement, extent, amendments, savings and uncertainty.",True
P37-T03,P37,AI auditor or evaluator,assurance,T03,Point-in-time and historical research,binding-authority | history,SC01 | SC09 | SC15 | SC20 | SC24 | SC04 | SC35,SRC001 | SRC002 | SRC007 | SRC009 | SRC010 | SRC011 | SRC018 | SRC019 | SRC020 | SRC031 | SRC033 | SRC034,"Dated expressions, amendment chronology, archived official material and source hashes.",Exact historical cut-off; later material segregated. Qualified human review is mandatory before consequential use.,anachronism | current consolidation substituted for historical text | archive date mistaken for legal date,A reproducible dated state and change chronology are supplied.,True
P37-T04,P37,AI auditor or evaluator,assurance,T04,Territorial extent and jurisdiction,binding-authority | legal-service-information,SC01 | SC09 | SC15 | SC20 | SC24 | SC14 | SC30,SRC001 | SRC002 | SRC007 | SRC009 | SRC010 | SRC011 | SRC018 | SRC019 | SRC020 | SRC031 | SRC033 | SRC034,"Extent metadata, devolution/competence provisions, court or regulator jurisdiction sources.",Live for current competence; exact for historical jurisdiction. Qualified human review is mandatory before consequential use.,UK-wide assumption | extent confused with application | court/body identity conflated,"Territory, legal system, institutional competence and exceptions are explicit.",True
P37-T05,P37,AI auditor or evaluator,assurance,T05,"Trace amendments, commencement and repeal",binding-authority,SC01 | SC09 | SC15 | SC20 | SC24 | SC05,SRC001 | SRC002 | SRC007 | SRC009 | SRC010 | SRC011 | SRC018 | SRC019 | SRC020 | SRC031 | SRC033 | SRC034,"Official effect feeds, amending instruments/provisions, commencement orders and selected passages.",Live verification at answer time. Qualified human review is mandatory before consequential use.,absence of recorded effect treated as no effect | prospective effect treated as operative | repeal savings omitted,Bidirectional change graph and current application status are evidenced.,True
P37-T06,P37,AI auditor or evaluator,assurance,T06,Identify judicial interpretation and treatment,binding-authority | persuasive-authority,SC01 | SC09 | SC15 | SC20 | SC24 | SC10 | SC13,SRC001 | SRC002 | SRC007 | SRC009 | SRC010 | SRC011 | SRC018 | SRC019 | SRC020 | SRC031 | SRC033 | SRC034,"Official judgments, cited passage, court hierarchy, later treatment and appeal status.",Live citator/treatment check before reliance. Qualified human review is mandatory before consequential use.,citation occurrence treated as approval | headnote substituted for judgment | later reversal missed,Treatment verbs are passage-evidenced and hierarchy/date qualified.,True
P37-T10,P37,AI auditor or evaluator,assurance,T10,"Find procedural steps, deadlines, forms and fees",procedural-material | binding-authority | legal-service-information,SC01 | SC09 | SC15 | SC20 | SC24 | SC16 | SC17,SRC001 | SRC002 | SRC007 | SRC009 | SRC010 | SRC011 | SRC018 | SRC019 | SRC020 | SRC031 | SRC033 | SRC034,Current rule/order/practice direction plus live form/fee/service verification.,Same-day/live verification before action. Qualified human review is mandatory before consequential use.,outdated form/fee | wrong forum | guidance deadline not checked against rule,Actionable steps cite the operative procedural passage and current service artefacts.,True
P37-T13,P37,AI auditor or evaluator,assurance,T13,Monitor legal change,binding-authority | procedural-material | delegated-administrative-rules | official-guidance,SC01 | SC09 | SC15 | SC20 | SC24 | SC04 | SC21,SRC001 | SRC002 | SRC007 | SRC009 | SRC010 | SRC011 | SRC018 | SRC019 | SRC020 | SRC031 | SRC033 | SRC034,"Official feeds/logs, hashes, version differences and impact classification.",Source-specific service-level objective; critical sources daily or event-driven. Qualified human review is mandatory before consequential use.,silent source deletion | publication event missed | cosmetic change escalated as legal change,"Change event is detected, typed, evidenced, impact-assessed and reviewable.",True
P37-T14,P37,AI auditor or evaluator,assurance,T14,Quantitative or corpus analysis,binding-authority | history | contextual-material,SC01 | SC09 | SC15 | SC20 | SC24 | SC35,SRC001 | SRC002 | SRC007 | SRC009 | SRC010 | SRC011 | SRC018 | SRC019 | SRC020 | SRC031 | SRC033 | SRC034,"Licensed corpus, denominator, extraction rules, code/version, missingness and uncertainty.",Snapshot date fixed and disclosed. Qualified human review is mandatory before consequential use.,licence breach | selection bias | database absence treated as real-world absence,Analysis is reproducible and limitations follow from an auditable coverage ledger.,True
P37-T16,P37,AI auditor or evaluator,assurance,T16,Produce accessible public explanation,binding-authority | official-guidance | legal-service-information,SC01 | SC09 | SC15 | SC20 | SC24 | SC22 | SC28,SRC001 | SRC002 | SRC007 | SRC009 | SRC010 | SRC011 | SRC018 | SRC019 | SRC020 | SRC031 | SRC033 | SRC034,"Authoritative passages plus official service guidance, with simplifications/limits labelled.",Live for current rights/process. Qualified human review is mandatory before consequential use.,exception omitted | advice presented as certainty | accessibility/translation errors,"Explanation is accurate, scoped, readable, accessible and links to authoritative evidence.",True
P37-T17,P37,AI auditor or evaluator,assurance,T17,Audit an AI-generated legal answer,binding-authority | persuasive-authority | procedural-material,SC01 | SC09 | SC15 | SC20 | SC24,SRC001 | SRC002 | SRC007 | SRC009 | SRC010 | SRC011 | SRC018 | SRC019 | SRC020 | SRC031 | SRC033 | SRC034,"Proposition-to-citation ledger, source hashes, version context and coverage declaration.",Re-verify all material current-law propositions. Qualified human review is mandatory before consequential use.,invented citation | citation does not support proposition | hidden retrieval gap,"Every material proposition is supported, classified and risk-rated; hard failures cap the answer.",True
P37-T20,P37,AI auditor or evaluator,assurance,T20,Verify citation and identity,binding-authority | history | legal-service-information,SC01 | SC09 | SC15 | SC20 | SC24 | SC12 | SC14 | SC30,SRC001 | SRC002 | SRC007 | SRC009 | SRC010 | SRC011 | SRC018 | SRC019 | SRC020 | SRC031 | SRC033 | SRC034,"Source-native identifiers, exact/qualified mappings, issuer and temporal identity.",Identity mapping versioned; live where institutions/citations evolve. Qualified human review is mandatory before consequential use.,fuzzy match asserted as sameAs | parallel citations collapsed | wrong version joined,"Identity decision has mapping type, confidence, evidence and unresolved conflicts.",True
P38-T02,P38,"Accessibility, translation or plain-language specialist",accessibility,T02,Determine whether law is in force,binding-authority,SC01 | SC17 | SC22 | SC04 | SC05,SRC001 | SRC002 | SRC007 | SRC023 | SRC024 | SRC026 | SRC022 | SRC031 | SRC034 | SRC004 | SRC003,"Versioned legislation, commencement/effect records, extent and amendments with live official verification.",Zero tolerance for stale current-law answers.,latest text confused with in-force text | unapplied effect ignored | commencement or savings omitted,"Answer states the relevant version, commencement, extent, amendments, savings and uncertainty.",True
P38-T04,P38,"Accessibility, translation or plain-language specialist",accessibility,T04,Territorial extent and jurisdiction,binding-authority | legal-service-information,SC01 | SC17 | SC22 | SC14 | SC30,SRC001 | SRC002 | SRC007 | SRC023 | SRC024 | SRC026 | SRC022 | SRC031 | SRC034 | SRC009 | SRC011 | SRC012,"Extent metadata, devolution/competence provisions, court or regulator jurisdiction sources.",Live for current competence; exact for historical jurisdiction.,UK-wide assumption | extent confused with application | court/body identity conflated,"Territory, legal system, institutional competence and exceptions are explicit.",False
P38-T08,P38,"Accessibility, translation or plain-language specialist",accessibility,T08,Compare jurisdictions,binding-authority | procedural-material,SC01 | SC17 | SC22 | SC15,SRC001 | SRC002 | SRC007 | SRC023 | SRC024 | SRC026 | SRC022 | SRC031 | SRC034 | SRC018 | SRC019 | SRC020,Separate authoritative sources per jurisdiction with explicit non-equivalence.,Same effective date across compared systems.,English rule generalised to UK | same label assumed same concept | asynchronous reform ignored,"Differences, commonalities, dates and institutional contexts are separately sourced.",False
P38-T10,P38,"Accessibility, translation or plain-language specialist",accessibility,T10,"Find procedural steps, deadlines, forms and fees",procedural-material | binding-authority | legal-service-information,SC01 | SC17 | SC22 | SC15 | SC16,SRC001 | SRC002 | SRC007 | SRC023 | SRC024 | SRC026 | SRC022 | SRC031 | SRC034 | SRC018 | SRC019 | SRC020,Current rule/order/practice direction plus live form/fee/service verification.,Same-day/live verification before action.,outdated form/fee | wrong forum | guidance deadline not checked against rule,Actionable steps cite the operative procedural passage and current service artefacts.,True
P38-T16,P38,"Accessibility, translation or plain-language specialist",accessibility,T16,Produce accessible public explanation,binding-authority | official-guidance | legal-service-information,SC01 | SC17 | SC22 | SC28,SRC001 | SRC002 | SRC007 | SRC023 | SRC024 | SRC026 | SRC022 | SRC031 | SRC034 | SRC061 | SRC062 | SRC063,"Authoritative passages plus official service guidance, with simplifications/limits labelled.",Live for current rights/process.,exception omitted | advice presented as certainty | accessibility/translation errors,"Explanation is accurate, scoped, readable, accessible and links to authoritative evidence.",False
P38-T17,P38,"Accessibility, translation or plain-language specialist",accessibility,T17,Audit an AI-generated legal answer,binding-authority | persuasive-authority | procedural-material,SC01 | SC17 | SC22 | SC09,SRC001 | SRC002 | SRC007 | SRC023 | SRC024 | SRC026 | SRC022 | SRC031 | SRC034 | SRC009 | SRC010 | SRC011,"Proposition-to-citation ledger, source hashes, version context and coverage declaration.",Re-verify all material current-law propositions.,invented citation | citation does not support proposition | hidden retrieval gap,"Every material proposition is supported, classified and risk-rated; hard failures cap the answer.",True
P38-T20,P38,"Accessibility, translation or plain-language specialist",accessibility,T20,Verify citation and identity,binding-authority | history | legal-service-information,SC01 | SC17 | SC22 | SC12 | SC14 | SC30,SRC001 | SRC002 | SRC007 | SRC023 | SRC024 | SRC026 | SRC022 | SRC031 | SRC034 | SRC009 | SRC011 | SRC013,"Source-native identifiers, exact/qualified mappings, issuer and temporal identity.",Identity mapping versioned; live where institutions/citations evolve.,fuzzy match asserted as sameAs | parallel citations collapsed | wrong version joined,"Identity decision has mapping type, confidence, evidence and unresolved conflicts.",False
